slug,作品,年份／媒介,最高明确度,女女关系位置,恋爱位置,适合的查询,男性恋爱线,Bangumi 条目,Bangumi 维基百合,Bangumi 百合标签比例,Anime-Planet GL,AniList Yuri 相关性,MyAnimeList Girls Love
shirobako_tv_2014,白箱,2014 TV,非恋爱,重要副线,缺席,,无,https://bangumi.tv/subject/110467,命中,0.010773203823620105,未命中,0,未命中
liz_to_aoi_tori_movie_2018,莉兹与青鸟,2018 剧场动画,潜在恋爱,主线,主线,未确认、主线,无,https://bangumi.tv/subject/216371,命中,0.13715832337665504,未命中,82,未命中
mahou_shoujo_madoka_magica_tv_2011,魔法少女小圆,2011 TV,潜在恋爱,主线,主线,未确认、主线,副线,https://bangumi.tv/subject/9717,未命中,0.02933597621407334,未命中,71,未命中
mahou_shoujo_madoka_magica_rebellion_movie_2013,剧场版 魔法少女小圆 [新篇] 叛逆的物语,2013 剧场动画,明确欲望,主线,主线,欲望、未确认、主线、官方恋爱,无,https://bangumi.tv/subject/44693,命中,0.0671980416741298,未命中,81,未命中
shoujo_kageki_revue_starlight_movie_2021,剧场版 少女☆歌剧 Revue Starlight,2021 剧场动画,潜在恋爱,主线,主线,未确认、主线,无,https://bangumi.tv/subject/294135,命中,0.11964837253504396,未命中,82,未命中
nichijou_tv_2011,日常,2011 TV,非恋爱,主线,缺席,主线,副线,https://bangumi.tv/subject/9912,未命中,0.0010613992480256176,未命中,0,未命中
hibike_euphonium_2_tv_2016,吹响吧！上低音号 第二季,2016 TV,潜在恋爱,主线,主线,未确认、主线,副线,https://bangumi.tv/subject/152091,未命中,0.055427880254006655,未命中,60,未命中
k_on_second_season_tv_2010,轻音少女 第二季,2010 TV,非恋爱,主线,缺席,主线,副线,https://bangumi.tv/subject/3774,未命中,0.008714774393223651,未命中,33,未命中
shoujo_kakumei_utena_tv_1997,少女革命,1997 TV,明确欲望,主线,主线,欲望、未确认、主线,并行,https://bangumi.tv/subject/1453,命中,0.07630543730128793,未命中,85,未命中
k_on_movie_2011,轻音少女 剧场版,2011 剧场动画,非恋爱,主线,缺席,主线,无,https://bangumi.tv/subject/12426,命中,0.04429104698702376,未命中,60,未命中
arcane_season_1_web_2021,英雄联盟：双城之战,2021 WEB,潜在恋爱,主线,重要副线,未确认、主线,副线,https://bangumi.tv/subject/335036,未命中,0.011507729720340455,无可对应页面,,无可对应页面
uma_musume_pretty_derby_season_2_tv_2021,赛马娘 Pretty Derby 第二季,2021 TV,潜在恋爱,主线,主线,未确认、主线,无,https://bangumi.tv/subject/315574,未命中,0.05301714153347232,未命中,0,未命中
bocchi_the_rock_tv_2022,孤独摇滚！,2022 TV,明确欲望,主线,局部,欲望、未确认、主线,无,https://bangumi.tv/subject/328609,未命中,0.02884514020662028,未命中,52,未命中
the_idolmaster_tv_2011,偶像大师,2011 TV,明确欲望,主线,局部,欲望、未确认、主线,副线,https://bangumi.tv/subject/11577,未命中,0.002736318407960199,未命中,0,未命中
yuru_camp_season_2_tv_2021,摇曳露营△ 第二季,2021 TV,非恋爱,主线,缺席,主线,无,https://bangumi.tv/subject/262897,未命中,0.04776003665714991,未命中,0,未命中
girls_und_panzer_movie_2015,少女与战车 剧场版,2015 剧场动画,非恋爱,主线,缺席,主线,无,https://bangumi.tv/subject/72266,命中,0.058199499042286724,未命中,0,未命中
lucky_star_tv_2007,幸运星,2007 TV,非恋爱,主线,缺席,主线,副线,https://bangumi.tv/subject/276,未命中,0.004579971523493118,未命中,0,未命中
hibike_euphonium_tv_2015,吹响吧！上低音号,2015 TV,潜在恋爱,主线,主线,未确认、主线,副线,https://bangumi.tv/subject/115908,未命中,0.05392411029931652,未命中,55,未命中
aria_the_avvenire_ova_2015,水星领航员 The AVVENIRE,2015 剧场 OVA,非恋爱,主线,缺席,主线,无,https://bangumi.tv/subject/124341,未命中,0.013157894736842105,未命中,0,未命中
k_on_tv_2009,轻音少女,2009 TV,非恋爱,主线,缺席,主线,副线,https://bangumi.tv/subject/1424,未命中,0.008656652431282668,未命中,0,未命中
kaleido_star_tv_2003_part1,百变之星,2003 TV,非恋爱,主线,缺席,主线,副线,https://bangumi.tv/subject/4163,命中,0.039377289377289376,未命中,0,未命中
yuru_camp_tv_2018,摇曳露营△,2018 TV,非恋爱,主线,缺席,主线,无,https://bangumi.tv/subject/207195,未命中,0.09421841541755889,未命中,40,未命中
shoujo_kakumei_utena_adolescence_movie_1999,少女革命 思春期默示录,1999 剧场动画,明确欲望,主线,主线,欲望、未确认、主线,副线,https://bangumi.tv/subject/1891,命中,0.0963102847181871,命中,93,命中
non_non_biyori_nonstop_tv_2021,悠哉日常大王 Nonstop,2021 TV,潜在恋爱,主线,重要副线,未确认、主线,无,https://bangumi.tv/subject/282684,命中,0.022818396226415093,未命中,0,未命中
sora_yori_mo_tooi_basho_tv_2018,比宇宙更远的地方,2018 TV,非恋爱,主线,缺席,主线,副线,https://bangumi.tv/subject/218708,未命中,0.033226215395501045,未命中,0,未命中
shoujo_shuumatsu_ryokou_tv_2017,少女终末旅行,2017 TV,非恋爱,主线,缺席,主线,无,https://bangumi.tv/subject/218707,命中,0.08975200767715541,未命中,0,未命中
kill_la_kill_tv_2013,斩服少女,2013 TV,潜在恋爱,主线,重要副线,未确认、主线,副线,https://bangumi.tv/subject/72941,未命中,0.019076603325415678,未命中,57,未命中
dennou_coil_tv_2007,电脑线圈,2007 TV,非恋爱,主线,缺席,主线,副线,https://bangumi.tv/subject/794,未命中,0.008472852979055107,未命中,0,未命中
mahou_shoujo_madoka_magica_eternal_movie_2012,剧场版 魔法少女小圆 [后篇] 永远的物语,2012 剧场动画,潜在恋爱,主线,主线,未确认、主线,副线,https://bangumi.tv/subject/44692,命中,0.046891124871001034,未命中,75,未命中
chou_kaguya_hime_web_film_2026,超时空辉夜姬！,2026 WEB 动画电影,明确欲望,主线,主线,欲望、未确认、主线,无,https://bangumi.tv/subject/604826,命中,0.1496705512697259,命中,88,未命中
ruri_no_houseki_tv_2025,琉璃的宝石,2025 TV,非恋爱,主线,缺席,主线,无,https://bangumi.tv/subject/512190,未命中,0.01888442730489405,未命中,0,未命中
heartcatch_precure_tv_2010,Heart Catch 光之美少女！,2010 TV,明确欲望,主线,局部,欲望、未确认、主线,副线,https://bangumi.tv/subject/4124,未命中,0.019119496855345912,未命中,0,未命中
hibike_euphonium_chikai_no_finale_movie_2019,剧场版 吹响吧！上低音号～誓言的终章～,2019 剧场动画,潜在恋爱,主线,重要副线,未确认、主线,副线,https://bangumi.tv/subject/216372,未命中,0.032073750420127715,未命中,0,未命中
hibike_euphonium_todoketai_melody_movie_2017,剧场版 吹响吧！上低音号～想要传达的旋律～,2017 剧场动画,潜在恋爱,主线,主线,未确认、主线,副线,https://bangumi.tv/subject/211089,未命中,0.033186512758201704,未命中,0,未命中
non_non_biyori_repeat_tv_2015,悠哉日常大王 Repeat,2015 TV,潜在恋爱,主线,重要副线,未确认、主线,无,https://bangumi.tv/subject/101442,命中,0.03521872060206961,未命中,0,未命中
yama_no_susume_next_summit_tv_2022,向山进发 Next Summit,2022 TV,潜在恋爱,主线,重要副线,未确认、主线,无,https://bangumi.tv/subject/290980,命中,0.1024679515130374,未命中,0,未命中
non_non_biyori_tv_2013,悠哉日常大王,2013 TV,明确欲望,主线,重要副线,欲望、未确认、主线,无,https://bangumi.tv/subject/78405,命中,0.03560183197366538,未命中,0,未命中
top_wo_nerae_2_ova_2004,飞跃巅峰2！,2004 OVA,潜在恋爱,主线,主线,未确认、主线,副线,https://bangumi.tv/subject/768,未命中,0.042827488255216865,未命中,60,未命中
non_non_biyori_vacation_movie_2018,剧场版 悠哉日常大王 Vacation,2018 剧场动画,潜在恋爱,主线,局部,未确认、主线,无,https://bangumi.tv/subject/215618,命中,0.03153680921694981,未命中,0,未命中
kaleido_star_legend_phoenix_ova_2006,百变之星 不死鸟传说 ～蕾拉・汉密尔顿物语～,2006 OVA,潜在恋爱,主线,主线,未确认、主线、官方恋爱,副线,https://bangumi.tv/subject/37063,命中,0.052564102564102565,未命中,,无可对应页面
bang_dream_its_mygo_tv_2023,BanG Dream! It's MyGO!!!!!,2023 TV,潜在恋爱,主线,局部,未确认、主线,无,https://bangumi.tv/subject/428735,未命中,0.10546668079245683,未命中,57,未命中
hidamari_sketch_sae_hiro_graduation_ova_2013,向阳素描 沙英・寻 毕业篇,2013 OVA,潜在恋爱,主线,局部,未确认、主线,无,https://bangumi.tv/subject/82233,命中,0.07583703106091166,未命中,20,未命中
mahou_shoujo_madoka_magica_beginnings_movie_2012,剧场版 魔法少女小圆 [前篇] 起始的物语,2012 剧场动画,潜在恋爱,主线,主线,未确认、主线,副线,https://bangumi.tv/subject/25833,命中,0.046456523300064625,未命中,60,未命中
shoujo_kageki_revue_starlight_tv_2018,少女☆歌剧 Revue Starlight,2018 TV,潜在恋爱,主线,主线,未确认、主线,无,https://bangumi.tv/subject/214265,命中,0.13175314969036941,未命中,79,未命中
lucky_star_ova_2008,幸运星 OVA,2008 OVA,明确欲望,主线,局部,欲望、未确认、主线,无,https://bangumi.tv/subject/13557,未命中,0.004532163742690058,未命中,0,未命中
maria_sama_ga_miteru_ova_2006,圣母在上 第3季,2006 OVA,明确欲望,主线,主线,欲望、未确认、主线、官方恋爱,副线,https://bangumi.tv/subject/4216,命中,0.1600877192982456,命中,80,命中
tamayura_sotsugyou_shashin_theatrical_ova_2015,玉响～毕业写真～,2015 剧场 OVA,非恋爱,主线,缺席,主线,副线,https://bangumi.tv/subject/109869,命中,0.03457627118644068,未命中,0,未命中
hakumei_to_mikochi_tv_2018,妖精森林的小不点,2018 TV,非恋爱,主线,缺席,主线,副线,https://bangumi.tv/subject/221726,未命中,0.029219143576826197,未命中,0,未命中
look_back_movie_2024,蓦然回首,2024 剧场动画,非恋爱,主线,缺席,主线,无,https://bangumi.tv/subject/480441,未命中,0.002599540747801222,未命中,48,未命中
non_non_biyori_nonstop_oad_2022,悠哉日常大王 Nonstop OAD,2022 OVA,非恋爱,主线,缺席,主线,无,https://bangumi.tv/subject/343176,命中,0.027578599007170437,未命中,0,未命中
yagate_kimi_ni_naru_tv_2018,终将成为你,2018 TV,明确交往,主线,主线,交往、欲望、未确认、主线、官方字面、官方恋爱,副线,https://bangumi.tv/subject/243981,命中,0.16873856721544034,命中,98,命中
zombieland_saga_revenge_tv_2021,佐贺偶像是传奇 复仇,2021 TV,潜在恋爱,主线,重要副线,未确认、主线,副线,https://bangumi.tv/subject/287488,未命中,0.013352215253894396,未命中,0,未命中
girls_und_panzer_saishuushou_4_ova_2023,少女与战车 最终章 第4话,2023 剧场 OVA,非恋爱,主线,缺席,主线,无,https://bangumi.tv/subject/208827,命中,0.04924668315718462,未命中,0,未命中
machikado_mazoku_tv_2022,街角魔族 2丁目,2022 TV,潜在恋爱,主线,主线,未确认、主线,无,https://bangumi.tv/subject/313852,命中,0.12972802356778368,未命中,50,未命中
zombieland_saga_tv_2018,佐贺偶像是传奇,2018 TV,非恋爱,主线,缺席,主线,副线,https://bangumi.tv/subject/252655,未命中,0.003118833938005219,未命中,0,未命中
mahou_shoujo_lyrical_nanoha_movie_2nd_as_2012,魔法少女奈叶 The MOVIE 2nd A's,2012 剧场动画,非恋爱,主线,缺席,主线,无,https://bangumi.tv/subject/35679,命中,0.08373879641485275,未命中,73,未命中
serial_experiments_lain_tv_1998,玲音,1998 TV,非恋爱,重要副线,缺席,,副线,https://bangumi.tv/subject/2582,未命中,0.009152489787476084,未命中,40,未命中
hidamari_sketch_honeycomb_tv_2012,向阳素描×蜂窝,2012 TV,潜在恋爱,主线,重要副线,未确认、主线,无,https://bangumi.tv/subject/37819,命中,0.07989228007181329,未命中,10,未命中
go_princess_precure_tv_2015,Go! Princess 光之美少女,2015 TV,潜在恋爱,主线,局部,未确认、主线,副线,https://bangumi.tv/subject/119279,未命中,0.02826310380267215,未命中,0,未命中
maria_sama_ga_miteru_tv_2009,圣母在上 第4季,2009 TV,明确欲望,主线,主线,欲望、未确认、主线、官方恋爱,副线,https://bangumi.tv/subject/1321,命中,0.14893617021276595,命中,75,命中
ichigo_mashimaro_tv_2005,草莓棉花糖,2005 TV,非恋爱,主线,缺席,主线,无,https://bangumi.tv/subject/284,命中,0.044675324675324674,未命中,0,未命中
ray_chou_kaguya_hime_version_mv_2026,《ray 超かぐや姫！Version》MV,2026 音乐动画,潜在恋爱,主线,主线,未确认、主线,无,https://bangumi.tv/subject/623179,命中,0.12407862407862408,无可对应页面,85,未命中
girls_und_panzer_saishuushou_1_ova_2018,少女与战车 最终章 第1话,2018 剧场 OVA,非恋爱,主线,缺席,主线,无,https://bangumi.tv/subject/191302,命中,0.057103064066852366,未命中,0,未命中
maria_sama_ga_miteru_haru_tv_2004,圣母在上 春,2004 TV,明确欲望,主线,主线,欲望、未确认、主线、官方恋爱,副线,https://bangumi.tv/subject/4215,命中,0.1682210708117444,命中,77,命中
yuru_yuri_second_season_tv_2012,摇曳百合♪♪,2012 TV,明确欲望,主线,重要副线,欲望、未确认、主线、官方字面,无,https://bangumi.tv/subject/28900,命中,0.11913528922674901,命中,84,命中
girls_und_panzer_saishuushou_2_ova_2020,少女与战车 最终章 第2话,2020 剧场 OVA,非恋爱,主线,缺席,主线,无,https://bangumi.tv/subject/208825,命中,0.05275577279622451,未命中,0,未命中
non_non_biyori_repeat_oad_2016,悠哉日常大王 Repeat OAD,2016 OVA,非恋爱,主线,缺席,主线,无,https://bangumi.tv/subject/165738,命中,0.039639359552308406,未命中,0,未命中
versailles_no_bara_tv_1979,凡尔赛玫瑰,1979 TV,明确欲望,重要副线,重要副线,欲望、未确认,主导,https://bangumi.tv/subject/12579,命中,0.055984555984555984,未命中,0,未命中
kemono_friends_tv_2017,兽娘动物园,2017 TV,非恋爱,主线,缺席,主线,无,https://bangumi.tv/subject/176478,命中,0.05457812383020139,未命中,20,未命中
yama_no_susume_third_season_tv_2018,向山进发 第三季,2018 TV,潜在恋爱,主线,重要副线,未确认、主线、官方恋爱,无,https://bangumi.tv/subject/216310,命中,0.12070120589548906,未命中,0,未命中
hidamari_sketch_x365_tv_2008,向阳素描×365,2008 TV,潜在恋爱,主线,重要副线,未确认、主线,无,https://bangumi.tv/subject/330,命中,0.0789272030651341,未命中,20,未命中
maria_sama_ga_miteru_tv_2004,圣母在上,2004 TV,明确欲望,主线,主线,欲望、未确认、主线、官方恋爱,副线,https://bangumi.tv/subject/4214,命中,0.15326199516741457,命中,77,命中
mahou_shoujo_lyrical_nanoha_as_tv_2005,魔法少女奈叶A's,2005 TV,非恋爱,主线,缺席,主线,副线,https://bangumi.tv/subject/1263,命中,0.08884627676573985,未命中,56,未命中
non_non_biyori_okinawa_oad_2014,悠哉日常大王 OAD,2014 OVA,潜在恋爱,主线,局部,未确认、主线,无,https://bangumi.tv/subject/86895,命中,0.0329512893982808,未命中,0,未命中
hibike_euphonium_kitauji_movie_2016,剧场版 吹响吧！上低音号～欢迎来到北宇治高中吹奏乐部～,2016 剧场动画,潜在恋爱,主线,主线,未确认、主线,副线,https://bangumi.tv/subject/152092,未命中,0.026102358534539013,未命中,0,未命中
hibi_wa_sugiredo_meshi_umashi_tv_2025,时光流逝，饭菜依旧美味,2025 TV,非恋爱,主线,缺席,主线,无,https://bangumi.tv/subject/531159,未命中,0.026499302649930265,未命中,0,未命中
yuru_yuri_tv_2011,摇曳百合,2011 TV,明确欲望,主线,重要副线,欲望、未确认、主线、官方字面,无,https://bangumi.tv/subject/14588,命中,0.1307685236256665,命中,83,命中
little_witch_academia_tv_2017,小魔女学园,2017 TV,非恋爱,主线,缺席,主线,副线,https://bangumi.tv/subject/185792,命中,0.053903684786574244,未命中,0,未命中
hidamari_sketch_hoshimittsu_tv_2010,向阳素描×☆☆☆,2010 TV,潜在恋爱,主线,局部,未确认、主线,无,https://bangumi.tv/subject/3622,命中,0.0845746023731381,未命中,60,未命中
ichigo_mashimaro_ova_2007,草莓棉花糖 OVA 第1期,2007 剧场 OVA,非恋爱,主线,缺席,主线,无,https://bangumi.tv/subject/693,命中,0.04577564283695959,未命中,10,未命中
awajima_hyakkei_tv_2026,淡岛百景,2026 TV,明确欲望,主线,重要副线,欲望、未确认、主线,并行,https://bangumi.tv/subject/493724,命中,0.07542643923240938,未命中,54,未命中
ichigo_mashimaro_encore_ova_2009,草莓棉花糖 OVA 第2期,2009 剧场 OVA,潜在恋爱,主线,重要副线,未确认、主线,无,https://bangumi.tv/subject/918,命中,0.042509527997654645,未命中,0,未命中
girls_und_panzer_tv_2012,少女与战车,2012 TV,非恋爱,主线,缺席,主线,无,https://bangumi.tv/subject/40310,命中,0.0876601855943438,未命中,32,未命中
yuru_yuri_san_hai_tv_2015,摇曳百合 3☆High!,2015 TV,明确欲望,主线,重要副线,欲望、未确认、主线、官方字面,无,https://bangumi.tv/subject/127573,命中,0.13318880196059948,命中,90,命中
girls_und_panzer_saishuushou_3_ova_2021,少女与战车 最终章 第3话,2021 剧场 OVA,非恋爱,主线,缺席,主线,无,https://bangumi.tv/subject/208826,命中,0.046648455557890316,未命中,0,未命中
girls_band_cry_tv_2024,少女乐队的呐喊,2024 TV,明确欲望,主线,主线,欲望、未确认、主线,无,https://bangumi.tv/subject/431767,未命中,0.054410987849973586,未命中,67,未命中
haibane_renmei_tv_2002,灰羽联盟,2002 TV,非恋爱,主线,缺席,主线、官方恋爱,副线,https://bangumi.tv/subject/893,未命中,0.025898305084745762,未命中,0,未命中
rwby_volume_1_3_the_beginning_tv_2017,RWBY Volume 1-3: The Beginning,2017 TV,潜在恋爱,主线,重要副线,未确认、主线,并行,https://bangumi.tv/subject/212008,未命中,0.03305455993628036,无可对应页面,,无可对应页面
hidamari_sketch_x365_special_ova_2009,向阳素描×365 特别篇,2009 OVA,非恋爱,主线,缺席,主线,无,https://bangumi.tv/subject/2662,命中,0.0854417254251348,未命中,0,未命中
asobi_asobase_tv_2018,来玩游戏吧,2018 TV,明确欲望,主线,局部,欲望、未确认、主线,副线,https://bangumi.tv/subject/236020,未命中,0.024144317168530077,未命中,0,未命中
gochuumon_wa_usagi_desu_ka_bloom_tv_2020,请问您今天要来点兔子吗？BLOOM,2020 TV,非恋爱,主线,缺席,主线,无,https://bangumi.tv/subject/260770,未命中,0.09994755375739867,未命中,0,未命中
hidamari_sketch_hoshimittsu_special_ova_2010,向阳素描×☆☆☆ 特别篇,2010 OVA,潜在恋爱,主线,局部,未确认、主线,无,https://bangumi.tv/subject/9639,命中,0.0782934833567745,未命中,0,未命中
yama_no_susume_second_season_tv_2014,向山进发 第二季,2014 TV,潜在恋爱,主线,重要副线,未确认、主线、官方恋爱,无,https://bangumi.tv/subject/86670,未命中,0.12128738487012315,未命中,0,未命中
onii_chan_wa_oshimai_tv_2023,别当欧尼酱了！,2023 TV,非恋爱,重要副线,缺席,,无,https://bangumi.tv/subject/378862,命中,0.08142190689085431,未命中,0,未命中
mahou_shoujo_lyrical_nanoha_movie_1st_2010,魔法少女奈叶 The MOVIE 1st,2010 剧场动画,非恋爱,主线,缺席,主线,无,https://bangumi.tv/subject/3485,命中,0.07979924717691343,未命中,79,未命中
toaru_kagaku_no_railgun_t_tv_2020,某科学的超电磁炮T,2020 TV,明确欲望,主线,重要副线,欲望、未确认、主线,副线,https://bangumi.tv/subject/262940,未命中,0.034164649759724997,未命中,0,未命中
little_witch_academia_movie_2013,小魔女学园,2013 剧场动画,非恋爱,主线,缺席,主线,无,https://bangumi.tv/subject/54675,命中,0.01282278033250796,未命中,0,未命中
yama_no_susume_omoide_present_ova_2018,向山进发 回忆的礼物,2018 OVA,潜在恋爱,主线,重要副线,未确认、主线,副线,https://bangumi.tv/subject/216311,命中,0.10839991362556683,未命中,0,未命中
joshikousei_no_mudazukai_tv_2019,女高中生的无所事事,2019 TV,明确欲望,主线,局部,欲望、未确认、主线,副线,https://bangumi.tv/subject/265708,未命中,0.02311484684393437,未命中,0,未命中
toaru_kagaku_no_railgun_s_tv_2013,某科学的超电磁炮S,2013 TV,明确欲望,主线,重要副线,欲望、未确认、主线,副线,https://bangumi.tv/subject/51928,未命中,0.05112065898579678,未命中,0,未命中
simoun_tv_2006,西蒙,2006 TV,明确欲望,主线,主线,欲望、未确认、主线、官方字面、官方恋爱,副线,https://bangumi.tv/subject/3755,命中,0.13657325292656972,命中,88,命中
ga_rei_zero_tv_2008,食灵-零-,2008 TV,非恋爱,主线,缺席,主线,副线,https://bangumi.tv/subject/885,命中,0.11741536153052612,未命中,0,未命中
akebi_chan_no_sailor_fuku_tv_2022,明日同学的水手服,2022 TV,潜在恋爱,主线,主线,未确认、主线,无,https://bangumi.tv/subject/331480,未命中,0.09028500104014978,未命中,66,未命中
oniisama_e_tv_1991,青兰圆舞曲,1991 TV,明确欲望,主线,主线,欲望、未确认、主线、官方恋爱,并行,https://bangumi.tv/subject/7408,命中,0.12087026591458501,未命中,79,命中
hidamari_sketch_x_sp_ova_2011,向阳素描×SP,2011 OVA,非恋爱,主线,缺席,主线,无,https://bangumi.tv/subject/22241,命中,0.07317073170731707,未命中,20,未命中
rwby_volume_2_web_2014,红白黑黄 第二季,2014 WEB,潜在恋爱,主线,重要副线,未确认、主线,并行,https://bangumi.tv/subject/95445,命中,0.032750608541712765,无可对应页面,,无可对应页面
kobayashi_san_chi_no_maid_dragon_s_tv_2021,小林家的龙女仆S,2021 TV,明确欲望,主线,主线,欲望、未确认、主线、官方恋爱,副线,https://bangumi.tv/subject/274234,命中,0.06020246757355267,命中,69,未命中
hidamari_sketch_tv_2007,向阳素描,2007 TV,非恋爱,主线,缺席,主线,无,https://bangumi.tv/subject/896,命中,0.07500373524577918,未命中,44,未命中
little_witch_academia_movie_2015,小魔女学园 魔法游行,2015 剧场动画,非恋爱,主线,缺席,主线,无,https://bangumi.tv/subject/124646,命中,0.021908471275559883,未命中,0,未命中
ohmuro_ke_dear_sisters_movie_2024,大室家 亲爱的姐妹们,2024 剧场动画,明确交往,主线,重要副线,交往、欲望、未确认、主线、官方字面、官方恋爱,无,https://bangumi.tv/subject/448655,命中,0.13694752884824735,命中,82,命中
toaru_kagaku_no_railgun_tv_2009,某科学的超电磁炮,2009 TV,明确欲望,主线,重要副线,欲望、未确认、主线,副线,https://bangumi.tv/subject/2585,未命中,0.060664125834368615,未命中,53,未命中
kageki_shoujo_tv_2021,歌剧少女!!,2021 TV,非恋爱,主线,缺席,主线,副线,https://bangumi.tv/subject/317680,命中,0.04770547057298419,未命中,20,未命中
shoujo_kageki_revue_starlight_rondo_rondo_rondo_movie_2020,少女☆歌剧 Revue Starlight RONDO·RONDO·RONDO,2020 剧场动画,潜在恋爱,主线,主线,未确认、主线,无,https://bangumi.tv/subject/294134,命中,0.06415458937198068,未命中,60,未命中
saki_tv_2009,天才麻将少女,2009 TV,潜在恋爱,主线,主线,未确认、主线、官方字面,副线,https://bangumi.tv/subject/1444,命中,0.13048085839183998,未命中,89,未命中
yuru_yuri_comma_ova_2019,摇曳百合、,2019 OVA,明确欲望,主线,重要副线,欲望、未确认、主线,无,https://bangumi.tv/subject/243787,命中,0.1045323970635174,命中,75,命中
yuru_yuri_nachuyachumi_ova_2015,摇曳百合 夏日时光！,2015 OVA,潜在恋爱,主线,重要副线,未确认、主线、官方字面,无,https://bangumi.tv/subject/99796,命中,0.11720430107526882,未命中,77,命中
love_live_nijigasaki_tv_2020,Love Live! 虹咲学园校园偶像同好会,2020 TV,潜在恋爱,主线,主线,未确认、主线,无,https://bangumi.tv/subject/296659,命中,0.10938743038981702,未命中,73,未命中
uma_musume_pretty_derby_shin_jidai_no_tobira_movie_2024,赛马娘 Pretty Derby 新时代之门,2024 剧场动画,非恋爱,主线,缺席,主线,无,https://bangumi.tv/subject/472620,未命中,0.018243086218917036,未命中,0,未命中
hibike_euphonium_ensemble_contest_movie_2023,特别篇 吹响吧！上低音号～合奏比赛～,2023 剧场动画,潜在恋爱,主线,主线,未确认、主线,无,https://bangumi.tv/subject/386195,未命中,0.024102193299590263,未命中,0,未命中
ohmuro_ke_dear_friends_movie_2024,大室家 亲爱的朋友们,2024 剧场动画,明确交往,主线,重要副线,交往、欲望、未确认、主线、官方字面、官方恋爱,无,https://bangumi.tv/subject/448657,命中,0.1433399042523233,命中,92,命中
bang_dream_garupa_pico_2018,BanG Dream! 少女乐团派对！☆PICO,2018 TV,非恋爱,主线,缺席,主线,无,https://bangumi.tv/subject/246431,未命中,0.01695633743111488,未命中,0,未命中
violet_evergarden_gaiden_movie_2019,紫罗兰永恒花园 外传 - 永远与自动手记人偶 -,2019 剧场动画,非恋爱,主线,缺席,主线,副线,https://bangumi.tv/subject/280837,命中,0.00904977375565611,未命中,0,未命中
hanasaku_iroha_tv_2011,花开伊吕波,2011 TV,非恋爱,重要副线,缺席,,并行,https://bangumi.tv/subject/22759,未命中,0.0017672742393790284,未命中,0,未命中
gochuumon_wa_usagi_desu_ka_2nd_tv_2015,请问您今天要来点兔子吗？？,2015 TV,非恋爱,主线,缺席,主线,无,https://bangumi.tv/subject/123568,未命中,0.11527139389557403,未命中,0,未命中
bocchi_the_rock_rere_movie_2024,剧场总集篇孤独摇滚！ Re:Re:,2024 剧场动画,潜在恋爱,主线,主线,未确认、主线,无,https://bangumi.tv/subject/459642,未命中,0.044072118011291204,未命中,56,无可对应页面
machikado_mazoku_tv_2019,街角魔族,2019 TV,潜在恋爱,主线,主线,未确认、主线,无,https://bangumi.tv/subject/272510,命中,0.11087253562365801,未命中,70,未命中
uma_musume_pretty_derby_road_to_the_top_web_2023,赛马娘 Pretty Derby 巅峰之路,2023 WEB,非恋爱,主线,缺席,主线,无,https://bangumi.tv/subject/380448,未命中,0.01348300514235545,未命中,0,未命中
rwby_volume_1_web_2013,红白黑黄,2013 WEB,非恋爱,主线,缺席,主线,副线,https://bangumi.tv/subject/75055,命中,0.02512496711391739,无可对应页面,,无可对应页面
mahou_tsukai_precure_tv_2016,魔法使光之美少女！,2016 TV,潜在恋爱,主线,主线,未确认、主线,副线,https://bangumi.tv/subject/159826,未命中,0.09911678115799803,未命中,70,未命中
tamayura_more_aggressive_tv_2013,玉响～more aggressive～,2013 TV,非恋爱,主线,缺席,主线,副线,https://bangumi.tv/subject/45213,命中,0.05324764746385127,未命中,0,未命中
food_court_de_mata_ashita_tv_2025,明天，美食广场见。,2025 TV,潜在恋爱,主线,主线,未确认、主线,副线,https://bangumi.tv/subject/528438,未命中,0.05754297471294883,未命中,37,未命中
yuru_yuri_nachuyachumi_plus_tv_2015,摇曳百合 夏日时光！+,2015 TV 特别篇,潜在恋爱,主线,重要副线,未确认、主线、官方字面,无,https://bangumi.tv/subject/136311,命中,0.11353009935710111,未命中,82,命中
hidamari_sketch_special_ova_2007,向阳素描 特别篇,2007 OVA,非恋爱,主线,缺席,主线,副线,https://bangumi.tv/subject/9642,命中,0.07871853546910755,未命中,20,未命中
konohana_kitan_tv_2017,此花绮谭,2017 TV,明确欲望,主线,主线,欲望、未确认、主线,无,https://bangumi.tv/subject/211934,命中,0.13023047661669276,未命中,73,命中
watanare_tv_2025,我们不可能成为恋人！绝对不行。 (※似乎可行？),2025 TV,明确欲望,主线,主线,欲望、未确认、主线、官方字面、官方恋爱,无,https://bangumi.tv/subject/524707,命中,0.13817941714937423,命中,98,命中
candy_boy_web_2008,糖果男孩,2008 WEB,明确欲望,主线,主线,欲望、未确认、主线、官方恋爱,无,https://bangumi.tv/subject/2829,命中,0.1961820351116414,命中,94,未命中
the_owl_house_season_1_tv_2020,猫头鹰魔法社,2020 TV,潜在恋爱,主线,重要副线,未确认、主线,无,https://bangumi.tv/subject/313213,未命中,0.11320754716981132,无可对应页面,,无可对应页面
michiko_to_hatchin_tv_2008,道子与哈金,2008 TV,潜在恋爱,主线,重要副线,未确认、主线,并行,https://bangumi.tv/subject/919,命中,0.027325275880189175,未命中,0,未命中
flip_flappers_tv_2016,轻拍翻转小魔女,2016 TV,潜在恋爱,主线,主线,未确认、主线,副线,https://bangumi.tv/subject/174584,命中,0.11928866977726912,未命中,79,未命中
kobayashi_san_chi_no_maid_dragon_tv_2017,小林家的龙女仆,2017 TV,明确欲望,主线,主线,欲望、未确认、主线、官方恋爱,无,https://bangumi.tv/subject/179949,命中,0.09065975272664938,命中,79,未命中
strike_witches_road_to_berlin_tv_2020,强袭魔女 通往柏林之路,2020 TV,潜在恋爱,主线,重要副线,未确认、主线,无,https://bangumi.tv/subject/253046,命中,0.09796854521625163,未命中,0,未命中
love_live_nijigasaki_season_2_tv_2022,Love Live! 虹咲学园校园偶像同好会 第二季,2022 TV,潜在恋爱,主线,重要副线,未确认、主线,无,https://bangumi.tv/subject/335579,命中,0.09059346859064772,未命中,60,未命中
gochuumon_wa_usagi_desu_ka_dear_my_sister_movie_2017,请问您今天要来点兔子吗？？～Dear My Sister～,2017 剧场动画,非恋爱,主线,缺席,主线,无,https://bangumi.tv/subject/181995,未命中,0.10358949650686582,未命中,0,未命中
new_game_second_season_tv_2017,NEW GAME!! 第二季,2017 TV,明确欲望,主线,重要副线,欲望、未确认、主线,无,https://bangumi.tv/subject/208908,未命中,0.1222540010953569,未命中,0,未命中
tamayura_hitotose_tv_2011,玉响～hitotose～,2011 TV,非恋爱,主线,缺席,主线,无,https://bangumi.tv/subject/18605,命中,0.046466912353789455,未命中,0,未命中
bang_dream_garupa_pico_oomori_2020,BanG Dream! 少女乐团派对！☆PICO～大份～,2020 WEB,非恋爱,主线,缺席,主线,无,https://bangumi.tv/subject/296295,命中,0.0426550598476605,未命中,0,未命中
new_game_tv_2016,NEW GAME!,2016 TV,潜在恋爱,主线,重要副线,未确认、主线,无,https://bangumi.tv/subject/150775,命中,0.11581988923669637,未命中,0,未命中
girls_und_panzer_anzio_ova_2014,少女与战车 这次是真正的安齐奥战！,2014 OVA,非恋爱,主线,缺席,主线,无,https://bangumi.tv/subject/96130,命中,0.06391042204995694,未命中,0,未命中
bang_dream_film_live_2nd_stage_movie_2021,BanG Dream! FILM LIVE 2nd Stage,2021 剧场动画,潜在恋爱,主线,局部,未确认、主线,无,https://bangumi.tv/subject/302228,未命中,0.03587443946188341,未命中,0,未命中
kin_iro_mosaic_thank_you_movie_2021,剧场版 黄金拼图 谢谢你!!,2021 剧场动画,潜在恋爱,主线,主线,未确认、主线,无,https://bangumi.tv/subject/302373,命中,0.11762523191094619,未命中,0,未命中
bocchi_the_rock_re_movie_2024,剧场总集篇孤独摇滚！ Re:,2024 剧场动画,明确欲望,主线,局部,欲望、未确认、主线,无,https://bangumi.tv/subject/436738,未命中,0.03678666876277315,未命中,65,无可对应页面
saki_zenkoku_hen_tv_2014,天才麻将少女 全国篇,2014 TV,潜在恋爱,主线,重要副线,未确认、主线,无,https://bangumi.tv/subject/52606,命中,0.1267123287671233,未命中,75,未命中
mahou_shoujo_lyrical_nanoha_tv_2004,魔法少女奈叶,2004 TV,非恋爱,主线,缺席,主线,副线,https://bangumi.tv/subject/1262,未命中,0.08205417607223477,未命中,75,未命中
sono_hanabira_ni_kuchizuke_wo_anata_to_koibito_tsunagi_ova_2010,亲吻那片花瓣「恋人的羁绊」,2010 OVA,明确交往,主线,主线,交往、欲望、未确认、主线、官方字面、官方恋爱,无,https://bangumi.tv/subject/8019,命中,0.21442334159097165,无可对应页面,96,命中
claymore_tv_2007,大剑,2007 TV,非恋爱,主线,缺席,主线,并行,https://bangumi.tv/subject/982,命中,0.03054474708171206,未命中,0,未命中
princess_principal_tv_2017,Princess Principal,2017 TV,潜在恋爱,主线,主线,未确认、主线,无,https://bangumi.tv/subject/211936,命中,0.10970944901115,未命中,0,未命中
bang_dream_3rd_season_tv_2020,BanG Dream! 第三季,2020 TV,潜在恋爱,主线,重要副线,未确认、主线,无,https://bangumi.tv/subject/246430,未命中,0.056658656886303276,未命中,60,未命中
bang_dream_garupa_pico_fever_2021,BanG Dream! 少女乐团派对！☆PICO FEVER！,2021 WEB,非恋爱,主线,缺席,主线,无,https://bangumi.tv/subject/338400,未命中,0.028327097808658473,未命中,0,未命中
gochuumon_wa_usagi_desu_ka_tv_2014,请问您今天要来点兔子吗？,2014 TV,明确欲望,主线,重要副线,欲望、未确认、主线,无,https://bangumi.tv/subject/88287,未命中,0.11695203349778202,未命中,0,未命中
rolling_girls_tv_2015,旋转少女,2015 TV,非恋爱,主线,缺席,主线,副线,https://bangumi.tv/subject/110600,命中,0.07171717171717172,未命中,0,未命中
kin_iro_mosaic_hello_tv_2015,HELLO!! 黄金拼图,2015 TV,潜在恋爱,主线,主线,未确认、主线,无,https://bangumi.tv/subject/100405,命中,0.13393638751094253,未命中,0,未命中
gakuen_utopia_manabi_straight_tv_2007,校园乌托邦 学美向前冲！,2007 TV,非恋爱,主线,缺席,主线,副线,https://bangumi.tv/subject/2470,命中,0.07044299201161947,未命中,0,未命中
front_innocent_ova_2005,Front Innocent,2005 OVA,明确欲望,重要副线,重要副线,欲望、未确认,并行,https://bangumi.tv/subject/3206,命中,0.050573300573300575,无可对应页面,64,未命中
adachi_to_shimamura_tv_2020,安达与岛村,2020 TV,明确欲望,主线,主线,欲望、未确认、主线、官方恋爱,无,https://bangumi.tv/subject/282372,命中,0.16473355069752527,命中,93,未命中
aoi_hana_tv_2009,青之花,2009 TV,明确交往,主线,主线,交往、欲望、未确认、主线、官方恋爱,并行,https://bangumi.tv/subject/1758,命中,0.1602641056422569,命中,94,命中
senki_zesshou_symphogear_xv_tv_2019,战姬绝唱SYMPHOGEAR XV,2019 TV,潜在恋爱,主线,主线,未确认、主线,无,https://bangumi.tv/subject/170689,命中,0.0837874659400545,未命中,100,未命中
frozen_movie_2013,冰雪奇缘,2013 剧场动画,非恋爱,主线,缺席,主线,副线,https://bangumi.tv/subject/93044,命中,0.037089871611982884,无可对应页面,,无可对应页面
smile_precure_tv_2012,Smile 光之美少女！,2012 TV,非恋爱,主线,缺席,主线,副线,https://bangumi.tv/subject/27332,未命中,0.03138201569100785,未命中,0,未命中
hanamonogatari_tv_2014,花物语,2014 TV,明确欲望,主线,局部,欲望、未确认、主线,无,https://bangumi.tv/subject/82322,命中,0.019790382244143034,未命中,72,未命中
watashi_ni_tenshi_ga_maiorita_tv_2019,天使降临到了我身边！,2019 TV,明确欲望,主线,主线,欲望、未确认、主线、官方字面、官方恋爱,无,https://bangumi.tv/subject/249637,命中,0.11331393233903238,命中,76,未命中
tamayura_ova_2010,玉响,2010 OVA,非恋爱,主线,缺席,主线,无,https://bangumi.tv/subject/8452,未命中,0.0525676613462873,未命中,0,未命中
mahou_shoujo_lyrical_nanoha_strikers_tv_2007,魔法少女奈叶StrikerS,2007 TV,潜在恋爱,主线,重要副线,未确认、主线,无,https://bangumi.tv/subject/1264,命中,0.09081954294720253,未命中,79,未命中
mayonaka_punch_tv_2024,深夜重拳,2024 TV,潜在恋爱,主线,主线,未确认、主线,无,https://bangumi.tv/subject/477207,未命中,0.08637830008558825,未命中,86,未命中
mahou_shoujo_lyrical_nanoha_detonation_movie_2018,魔法少女奈叶 Detonation,2018 剧场动画,潜在恋爱,主线,主线,未确认、主线,无,https://bangumi.tv/subject/220403,命中,0.08078817733990148,未命中,66,未命中
watanare_next_shine_tv_2026,我们不可能成为恋人！绝对不行。 (※似乎可行？) 〜再次闪耀！〜,2026 TV,明确交往,主线,主线,交往、欲望、未确认、主线、官方字面、官方恋爱,无,https://bangumi.tv/subject/587454,命中,0.13648157758173327,命中,97,命中
himesama_goumon_second_season_tv_2026,公主大人“拷问”的时间到了 第二季,2026 TV,非恋爱,主线,缺席,主线,无,https://bangumi.tv/subject/486763,未命中,0.015759787657597876,未命中,0,未命中
kin_iro_mosaic_tv_2013,黄金拼图,2013 TV,潜在恋爱,主线,主线,未确认、主线,无,https://bangumi.tv/subject/57978,命中,0.12896134823227698,未命中,0,未命中
love_live_school_idol_movie_2015,Love Live! 学园偶像 电影,2015 剧场动画,潜在恋爱,主线,主线,未确认、主线,无,https://bangumi.tv/subject/107199,未命中,0.057655436866611884,未命中,0,未命中
yuuki_yuuna_washio_yuusha_tv_2017,结城友奈是勇者 -鹫尾须美之章-/-勇者之章-,2017 TV,潜在恋爱,主线,主线,未确认、主线,无,https://bangumi.tv/subject/195937,命中,0.12283922288511549,无可对应页面,50,未命中
gochuumon_wa_usagi_desu_ka_sing_for_you_ova_2019,请问您今天要来点兔子吗？？～Sing for You～,2019 OVA,非恋爱,主线,缺席,主线,无,https://bangumi.tv/subject/260772,未命中,0.09786921381337252,未命中,0,未命中
manaria_friends_tv_2019,玛纳利亚的密友,2019 TV,明确欲望,主线,主线,欲望、未确认、主线,无,https://bangumi.tv/subject/145354,命中,0.14481842338352524,命中,88,未命中
bang_dream_2nd_season_tv_2019,BanG Dream! 第二季,2019 TV,非恋爱,主线,缺席,主线,无,https://bangumi.tv/subject/246429,命中,0.07496128033040785,未命中,20,未命中
rod_read_or_die_ova_2001,读或死 OVA,2001 OVA,潜在恋爱,主线,主线,未确认、主线,副线,https://bangumi.tv/subject/1848,命中,0.05343292157426027,未命中,0,未命中
feng_ling_yu_xiu_web_2017,风灵玉秀,2017 WEB,潜在恋爱,主线,主线,未确认、主线,副线,https://bangumi.tv/subject/212333,命中,0.15547214539707627,命中,84,未命中
mouretsu_uchuu_kaizoku_tv_2012,暴力宇宙海贼,2012 TV,明确交往,重要副线,重要副线,交往、欲望、未确认,无,https://bangumi.tv/subject/10462,命中,0.06921764562515233,未命中,0,未命中
mouryou_no_hako_tv_2008,魍魉之匣,2008 TV,明确欲望,重要副线,重要副线,欲望、未确认,并行,https://bangumi.tv/subject/916,未命中,0.013974517057131115,未命中,0,未命中
love_live_school_idol_project_season_2_tv_2014,Love Live! 第二季,2014 TV,潜在恋爱,主线,主线,未确认、主线,无,https://bangumi.tv/subject/75989,未命中,0.05634479445473887,未命中,0,未命中
seraphim_call_tv_1999,六翼天使之声,1999 TV,明确欲望,重要副线,重要副线,欲望、未确认,并行,https://bangumi.tv/subject/32164,命中,0.05661322645290581,未命中,0,未命中
yuuki_yuuna_washio_sumi_ch3_movie_2017,结城友奈是勇者 -鹫尾须美之章- 第3章 约定,2017 剧场动画,非恋爱,主线,缺席,主线,无,https://bangumi.tv/subject/207168,命中,0.09377960214714241,未命中,0,未命中
mai_hime_tv_2004,舞-HiME,2004 TV,明确欲望,重要副线,重要副线,欲望、未确认、官方恋爱,主导,https://bangumi.tv/subject/1027,命中,0.11367673179396093,未命中,62,命中
jashin_chan_dropkick_dash_tv_2020,邪神与厨二病少女’,2020 TV,潜在恋爱,主线,主线,未确认、主线,无,https://bangumi.tv/subject/272188,命中,0.07037064882339673,未命中,10,未命中
maria_sama_niwa_naisho_ova_2004,对圣母玛利亚保密喔,2004 OVA,潜在恋爱,主线,重要副线,未确认、主线,副线,https://bangumi.tv/subject/107917,命中,0.15213358070500926,命中,79,命中
yuru_camp_movie_2022,电影 摇曳露营△,2022 剧场动画,非恋爱,主线,缺席,主线,无,https://bangumi.tv/subject/262898,未命中,0.06375838926174497,未命中,0,未命中
do_it_yourself_tv_2022,少女手工,2022 TV,潜在恋爱,重要副线,重要副线,未确认,无,https://bangumi.tv/subject/331445,命中,0.05822762508809021,未命中,36,未命中
tsukikage_ran_tv_2000,随风舞月影兰,2000 TV,非恋爱,主线,缺席,主线、官方恋爱,副线,https://bangumi.tv/subject/4047,命中,0.07357449417535254,未命中,0,未命中
yuri_kuma_arashi_tv_2015,百合熊风暴,2015 TV,明确交往,主线,主线,交往、欲望、未确认、主线、官方恋爱,无,https://bangumi.tv/subject/59825,命中,0.1376893511191499,命中,94,命中
strike_witches_movie_2012,强袭魔女 剧场版,2012 剧场动画,潜在恋爱,主线,重要副线,未确认、主线,无,https://bangumi.tv/subject/18016,命中,0.1052813255091474,未命中,0,未命中
arcane_season_2_web_2024,英雄联盟：双城之战 第二季,2024 WEB,明确欲望,主线,重要副线,欲望、未确认、主线,副线,https://bangumi.tv/subject/358801,未命中,0.006837961044343141,无可对应页面,,无可对应页面
saki_achiga_hen_tv_2012,天才麻将少女 阿知贺篇,2012 TV,潜在恋爱,主线,重要副线,未确认、主线、官方字面,无,https://bangumi.tv/subject/24165,命中,0.12518697503164192,未命中,83,未命中
strike_witches_2_tv_2010,强袭魔女2,2010 TV,潜在恋爱,主线,重要副线,未确认、主线,无,https://bangumi.tv/subject/5651,命中,0.10858416945373467,未命中,55,未命中
ninja_to_koroshiya_no_futarigurashi_tv_2025,忍者与杀手二人组的日常生活,2025 TV,明确交往,主线,主线,交往、欲望、未确认、主线、官方恋爱,无,https://bangumi.tv/subject/491569,未命中,0.10006761325219743,未命中,77,未命中
rozen_maiden_ouverture_ova_2006,蔷薇少女 序曲,2006 TV 特别篇,非恋爱,主线,缺席,主线,无,https://bangumi.tv/subject/5365,命中,0.0296220633299285,未命中,0,未命中
aiura_tv_2013,AIURA,2013 TV,非恋爱,主线,缺席,主线,无,https://bangumi.tv/subject/56159,命中,0.06982085438677078,未命中,0,未命中
the_idolmaster_cinderella_girls_second_season_tv_2015,偶像大师 灰姑娘女孩 第二季,2015 TV,非恋爱,主线,缺席,主线,无,https://bangumi.tv/subject/130231,未命中,0.02225047679593134,未命中,0,未命中
majo_no_tabitabi_tv_2020,魔女之旅,2020 TV,明确欲望,重要副线,重要副线,欲望、未确认,副线,https://bangumi.tv/subject/292970,命中,0.08710537319673844,未命中,52,未命中
birdie_wing_season_1_tv_2022,小鸟之翼 高尔夫少女,2022 TV,明确欲望,主线,主线,欲望、未确认、主线、官方恋爱,无,https://bangumi.tv/subject/354682,命中,0.12479652740097667,未命中,46,未命中
binbougami_ga_tv_2012,穷神,2012 TV,非恋爱,主线,缺席,主线,副线,https://bangumi.tv/subject/37722,未命中,0.03344198961728842,未命中,0,未命中
love_live_school_idol_project_tv_2013,Love Live!,2013 TV,潜在恋爱,主线,主线,未确认、主线,无,https://bangumi.tv/subject/49294,未命中,0.05868327575300472,未命中,0,未命中
renai_laboratory_tv_2013,恋爱研究所,2013 TV,潜在恋爱,主线,局部,未确认、主线,副线,https://bangumi.tv/subject/58850,命中,0.11263408820023837,未命中,0,未命中
kiddy_grade_tv_2002,天使特警,2002 TV,潜在恋爱,主线,主线,未确认、主线,副线,https://bangumi.tv/subject/3815,命中,0.11144130757800892,未命中,70,未命中
bamboo_blade_tv_2007,竹剑少女,2007 TV,明确欲望,重要副线,重要副线,欲望、未确认,副线,https://bangumi.tv/subject/1272,命中,0.05342551854179761,未命中,0,未命中
oshi_ga_budoukan_ittekuretara_shinu_tv_2020,神推偶像登上武道馆我就死而无憾,2020 TV,明确欲望,主线,主线,欲望、未确认、主线、官方字面、官方恋爱,并行,https://bangumi.tv/subject/246915,命中,0.12329137907700637,命中,85,未命中
heya_camp_tv_2020,房间露营△,2020 TV,非恋爱,主线,缺席,主线,无,https://bangumi.tv/subject/266070,未命中,0.0469790675547098,未命中,0,未命中
maebashi_witches_tv_2025,前桥魔女,2025 TV,非恋爱,主线,缺席,主线,无,https://bangumi.tv/subject/511207,未命中,0.04794879865701395,未命中,46,未命中
maria_holic_tv_2009,玛利亚狂热,2009 TV,明确欲望,主线,主线,欲望、未确认、主线、官方字面、官方恋爱,无,https://bangumi.tv/subject/894,命中,0.09286495684939833,命中,79,命中
futari_wa_precure_tv_2004,光之美少女,2004 TV,非恋爱,主线,缺席,主线,副线,https://bangumi.tv/subject/4243,未命中,0.04450499545867393,未命中,57,未命中
yozakura_quartet_hana_no_uta_tv_2013,夜樱四重奏 花之歌,2013 TV,明确欲望,重要副线,局部,欲望、未确认、官方恋爱,副线,https://bangumi.tv/subject/71955,未命中,0.01883745963401507,未命中,0,未命中
endro_tv_2019,Endro~！,2019 TV,明确欲望,主线,重要副线,欲望、未确认、主线、官方恋爱,无,https://bangumi.tv/subject/254895,命中,0.10120177103099304,未命中,66,未命中
omoide_no_marnie_movie_2014,回忆中的玛妮,2014 剧场动画,潜在恋爱,主线,主线,未确认、主线,副线,https://bangumi.tv/subject/90367,未命中,0.03544929925803792,未命中,0,未命中
tantei_opera_milky_holmes_gyakushu_movie_2016,侦探歌剧 少女福尔摩斯 ～逆袭的少女福尔摩斯～,2016 剧场动画,非恋爱,主线,缺席,主线,无,https://bangumi.tv/subject/144465,未命中,0.06359102244389027,未命中,0,未命中
sasameki_koto_tv_2009,轻声密语,2009 TV,明确交往,主线,主线,交往、欲望、未确认、主线、官方恋爱,副线,https://bangumi.tv/subject/2661,命中,0.17713669452682665,命中,92,命中
kamiina_botan_tv_2026,上伊那牡丹，酒醉身姿似百合花般,2026 TV,明确交往,主线,主线,交往、欲望、未确认、主线,无,https://bangumi.tv/subject/543360,命中,0.14813266443701226,命中,93,命中
kurau_phantom_memory_tv_2004,库拉乌 幻之记忆,2004 TV,非恋爱,主线,缺席,主线,副线,https://bangumi.tv/subject/4140,命中,0.08786848072562359,未命中,0,未命中
kouya_no_kotobuki_hikoutai_tv_2019,荒野的寿飞行队,2019 TV,潜在恋爱,主线,局部,未确认、主线,副线,https://bangumi.tv/subject/260467,命中,0.02051538653990493,未命中,0,未命中
lycoris_recoil_friends_are_thieves_of_time_web_2025,莉可丽丝：友谊是时间的窃贼,2025 WEB,潜在恋爱,主线,主线,未确认、主线,无,https://bangumi.tv/subject/504950,未命中,0.057692307692307696,未命中,60,未命中
mahou_tsukai_precure_mirai_days_tv_2025,魔法使光之美少女！！～未来之日～,2025 TV,潜在恋爱,主线,主线,未确认、主线,无,https://bangumi.tv/subject/424454,命中,0.07256235827664399,未命中,80,未命中
fate_kaleid_liner_prisma_illya_2wei_herz_tv_2015,Fate/kaleid liner 魔法少女☆伊莉雅 2wei Herz!,2015 TV,潜在恋爱,主线,重要副线,未确认、主线,副线,https://bangumi.tv/subject/113134,命中,0.09791522576820472,未命中,20,未命中
candy_boy_side_story_for_archive_web_2007,糖果男孩,2007 WEB,明确欲望,主线,主线,欲望、未确认、主线,无,https://bangumi.tv/subject/95419,命中,0.17949603037625128,命中,79,未命中
asagao_to_kase_san_ova_2018,牵牛花与加濑同学。,2018 剧场 OVA,明确交往,主线,主线,交往、欲望、未确认、主线、官方恋爱,无,https://bangumi.tv/subject/223818,命中,0.18548695098663273,命中,99,未命中
fate_kaleid_liner_prisma_illya_2wei_tv_2014,Fate/kaleid liner 魔法少女☆伊莉雅 2wei!,2014 TV,非恋爱,主线,缺席,主线,副线,https://bangumi.tv/subject/83402,命中,0.09915518008003557,未命中,70,未命中
figure_17_tv_2001,代号17,2001 TV,潜在恋爱,主线,主线,未确认、主线,副线,https://bangumi.tv/subject/10376,未命中,0.06625891946992865,未命中,0,未命中
yuuki_yuuna_washio_sumi_ch2_movie_2017,结城友奈是勇者 -鹫尾须美之章- 第2章 魂,2017 剧场动画,潜在恋爱,主线,重要副线,未确认、主线,无,https://bangumi.tv/subject/207167,命中,0.09055944055944055,未命中,0,未命中
bang_dream_poppin_dream_movie_2022,剧场版 BanG Dream! Poppin'Dream！,2022 剧场动画,非恋爱,主线,缺席,主线,无,https://bangumi.tv/subject/305059,命中,0.058989756269869305,未命中,0,未命中
mono_tv_2025,mono女孩,2025 TV,潜在恋爱,主线,主线,未确认、主线,无,https://bangumi.tv/subject/485936,未命中,0.050499259471597155,未命中,79,未命中
yama_no_susume_tv_2013,向山进发,2013 TV,非恋爱,主线,缺席,主线,无,https://bangumi.tv/subject/41658,命中,0.10858585858585859,未命中,50,未命中
noir_tv_2001,黑街二人组,2001 TV,潜在恋爱,主线,主线,未确认、主线,副线,https://bangumi.tv/subject/788,命中,0.10200544689279524,未命中,60,未命中
yuuki_yuuna_wa_yuusha_de_aru_tv_2014,结城友奈是勇者,2014 TV,潜在恋爱,主线,主线,未确认、主线,无,https://bangumi.tv/subject/109328,命中,0.10343332128659198,未命中,79,未命中
kill_me_baby_tv_2012,爱杀宝贝,2012 TV,非恋爱,主线,缺席,主线,无,https://bangumi.tv/subject/20799,命中,0.043444192930524116,未命中,0,未命中
gabriel_dropout_tv_2017,珈百璃的堕落,2017 TV,明确欲望,主线,局部,欲望、未确认、主线,无,https://bangumi.tv/subject/188091,命中,0.10416039723141739,未命中,0,未命中
ssss_gridman_tv_2018,SSSS.古立特,2018 TV,潜在恋爱,重要副线,重要副线,未确认,并行,https://bangumi.tv/subject/218712,未命中,0.0022065864523918566,未命中,0,未命中
sakura_trick_tv_2014,樱Trick,2014 TV,明确欲望,主线,主线,欲望、未确认、主线、官方恋爱,无,https://bangumi.tv/subject/80838,命中,0.18046456223942822,命中,98,命中
niea_7_tv_2000,我家也有外星人,2000 TV,非恋爱,主线,缺席,主线,副线,https://bangumi.tv/subject/3795,命中,0.04329896907216495,未命中,0,未命中
re_cutie_honey_ova_2004,Re: 甜心战士,2004 OVA,潜在恋爱,主线,重要副线,未确认、主线,无,https://bangumi.tv/subject/9303,命中,0.07449605609114812,未命中,70,命中
shadows_house_2nd_season_tv_2022,影宅 第二季,2022 TV,潜在恋爱,主线,主线,未确认、主线,副线,https://bangumi.tv/subject/349084,未命中,0.041584158415841586,未命中,0,未命中
maria_holic_alive_tv_2011,玛利亚狂热 ALIVE,2011 TV,明确欲望,主线,主线,欲望、未确认、主线、官方字面、官方恋爱,无,https://bangumi.tv/subject/9726,命中,0.07643040136635354,命中,92,命中
houkago_teibou_nisshi_tv_2020,放学后海堤日记,2020 TV,非恋爱,主线,缺席,主线,无,https://bangumi.tv/subject/280678,命中,0.07059561128526645,未命中,0,未命中
kin_iro_mosaic_pretty_days_movie_2016,黄金拼图 Pretty Days,2016 剧场 OVA,潜在恋爱,主线,重要副线,未确认、主线,无,https://bangumi.tv/subject/175532,命中,0.11794298490776971,未命中,0,未命中
comic_girls_tv_2018,漫画女孩,2018 TV,明确欲望,主线,重要副线,欲望、未确认、主线,无,https://bangumi.tv/subject/217249,未命中,0.11548447398483747,未命中,77,未命中
bang_dream_circle_thanks_party_2022,BanG Dream! 少女乐团派对！5周年纪念动画 -CiRCLE THANKS PARTY!-,2022 TV,非恋爱,主线,缺席,主线,无,https://bangumi.tv/subject/373931,未命中,0.0650887573964497,未命中,0,未命中
teppen_tv_2022,顶点!!!!!!!!!!!!!!!,2022 TV,非恋爱,主线,缺席,主线,副线,https://bangumi.tv/subject/364845,未命中,0.055089820359281436,未命中,0,未命中
mahou_shoujo_lyrical_nanoha_reflection_movie_2017,魔法少女奈叶 Reflection,2017 剧场动画,非恋爱,主线,缺席,主线,无,https://bangumi.tv/subject/68284,命中,0.09103840682788052,未命中,60,未命中
mahou_shoujo_madoka_magica_concept_movie_2015,魔法少女小圆 新作概念视频,2015 剧场动画,潜在恋爱,主线,主线,未确认、主线,无,https://bangumi.tv/subject/157622,命中,0.04838709677419355,未命中,0,未命中
tantei_opera_milky_holmes_tv_2010,侦探歌剧 少女福尔摩斯,2010 TV,非恋爱,主线,缺席,主线,副线,https://bangumi.tv/subject/8560,命中,0.055965055965055965,未命中,0,未命中
strike_witches_tv_2008,强袭魔女,2008 TV,潜在恋爱,主线,重要副线,未确认、主线,副线,https://bangumi.tv/subject/698,命中,0.09604153147306943,未命中,68,未命中
yuuki_yuuna_washio_sumi_ch1_movie_2017,结城友奈是勇者 -鹫尾须美之章- 第1章 朋友,2017 剧场动画,明确欲望,主线,局部,欲望、未确认、主线,无,https://bangumi.tv/subject/196259,命中,0.09758485639686684,未命中,0,未命中
rod_read_or_die_tv_2003,读或死 TV,2003 TV,潜在恋爱,主线,重要副线,未确认、主线,副线,https://bangumi.tv/subject/1850,命中,0.055883178882336425,未命中,0,未命中
sora_no_method_mou_hitotsu_no_negai_web_2019,天体的秩序 另一个愿望,2019 WEB,明确欲望,主线,主线,欲望、未确认、主线,无,https://bangumi.tv/subject/270081,命中,0.0812470477090222,未命中,0,未命中
el_cazador_de_la_bruja_tv_2007,魔女猎人,2007 TV,潜在恋爱,主线,主线,未确认、主线,并行,https://bangumi.tv/subject/3489,命中,0.12893203883495147,未命中,72,未命中
yuri_seijin_naoko_san_ova_2012,百合星人奈绪子 OVA,2012 OVA,明确欲望,主线,主线,欲望、未确认、主线、官方字面、官方恋爱,无,https://bangumi.tv/subject/24546,命中,0.11079136690647481,未命中,68,命中
estab_life_great_escape_tv_2022,Estab-Life Great Escape,2022 TV,明确欲望,主线,重要副线,欲望、未确认、主线、官方恋爱,无,https://bangumi.tv/subject/366253,未命中,0.06648534300392868,未命中,0,未命中
jashin_chan_dropkick_tv_2018,邪神与厨二病少女,2018 TV,明确欲望,主线,重要副线,欲望、未确认、主线、官方恋爱,无,https://bangumi.tv/subject/231722,命中,0.07592821782178218,未命中,10,未命中
a_channel_smile_ova_2012,A频道+smile,2012 OVA,非恋爱,主线,缺席,主线,无,https://bangumi.tv/subject/29432,命中,0.11605053813757604,未命中,0,未命中
mahou_shoujo_ni_akogarete_tv_2024,憧憬成为魔法少女,2024 TV,明确欲望,主线,主线,欲望、未确认、主线,无,https://bangumi.tv/subject/424663,命中,0.13731333819473066,命中,95,命中
kakegurui_tv_2017,狂赌之渊,2017 TV,非恋爱,主线,缺席,主线,无,https://bangumi.tv/subject/209408,命中,0.015646431292862587,未命中,0,未命中
shigofumi_tv_2008,死后文,2008 TV,非恋爱,主线,缺席,主线,副线,https://bangumi.tv/subject/281,未命中,0.017564575645756458,未命中,0,未命中
kono_subarashii_sekai_ni_bakuen_wo_tv_2023,为美好的世界献上爆焰！,2023 TV,明确欲望,主线,主线,欲望、未确认、主线,副线,https://bangumi.tv/subject/385209,未命中,0.002704530087897228,未命中,0,未命中
plus_tic_neesan_web_2011,+模型姐妹,2011 WEB 短篇,非恋爱,主线,缺席,主线,副线,https://bangumi.tv/subject/19021,命中,0.03918169209431346,未命中,0,未命中
minidora_web_2021,迷你龙小剧场,2021 WEB 短篇,明确欲望,主线,重要副线,欲望、未确认、主线,无,https://bangumi.tv/subject/332570,命中,0.07532051282051282,命中,70,未命中
slow_start_tv_2018,Slow Start,2018 TV,明确欲望,主线,重要副线,欲望、未确认、主线,无,https://bangumi.tv/subject/214671,命中,0.13290474940960378,未命中,40,未命中
tonari_no_kyuuketsuki_san_tv_2018,邻家索菲,2018 TV,明确欲望,主线,主线,欲望、未确认、主线,无,https://bangumi.tv/subject/241158,命中,0.13161235717308506,未命中,88,未命中
rwby_volume_3_web_2015,红白黑黄 第三季,2015 WEB,潜在恋爱,主线,重要副线,未确认、主线,并行,https://bangumi.tv/subject/138180,命中,0.048363636363636366,无可对应页面,,无可对应页面
princess_principal_crown_handler_ch1_movie_2021,Princess Principal Crown Handler 第1章,2021 剧场动画,潜在恋爱,主线,重要副线,未确认、主线,无,https://bangumi.tv/subject/244928,命中,0.10837138508371386,未命中,0,未命中
kirio_fan_club_tv_2026,雾尾粉丝俱乐部,2026 TV,明确欲望,主线,主线,欲望、未确认、主线,并行,https://bangumi.tv/subject/513208,未命中,0.0422237860661506,未命中,58,未命中
tantei_opera_milky_holmes_summer_special_tv_2011,侦探歌剧 少女福尔摩斯 夏季特别篇,2011 TV 特别篇,潜在恋爱,主线,主线,未确认、主线,无,https://bangumi.tv/subject/22756,命中,0.08144796380090498,未命中,0,未命中
a_channel_nabe_wo_tabeyou_ova_2017,A频道 来吃火锅吧,2017 OVA,潜在恋爱,主线,重要副线,未确认、主线,无,https://bangumi.tv/subject/212084,命中,0.11006018916595013,未命中,0,未命中
senki_zesshou_symphogear_g_tv_2013,战姬绝唱SYMPHOGEAR G,2013 TV,明确欲望,主线,主线,欲望、未确认、主线、官方恋爱,无,https://bangumi.tv/subject/50811,命中,0.09354413702239789,未命中,100,未命中
uma_musume_pretty_derby_tv_2018,赛马娘 Pretty Derby,2018 TV,非恋爱,主线,缺席,主线,无,https://bangumi.tv/subject/212003,命中,0.06515349444807315,未命中,0,未命中
birdie_wing_season_2_tv_2023,小鸟之翼 高尔夫少女 第二季,2023 TV,明确欲望,主线,主线,欲望、未确认、主线,副线,https://bangumi.tv/subject/389998,命中,0.1443762781186094,未命中,0,未命中
strike_witches_operation_victory_arrow_ova_2014,强袭魔女 胜利之箭行动,2014 OVA,潜在恋爱,主线,局部,未确认、主线,无,https://bangumi.tv/subject/85339,命中,0.1184084372003835,未命中,0,未命中
kill_me_baby_ova_2013,爱杀宝贝OVA,2013 OVA,非恋爱,主线,缺席,主线,无,https://bangumi.tv/subject/80839,命中,0.05227272727272727,未命中,0,未命中
bang_dream_its_mygo_movie_part2_2024,剧场版 BanG Dream! It's MyGO!!!!! 后篇 歌唱着，由我们所作的歌 & FILM LIVE,2024 剧场动画,潜在恋爱,主线,重要副线,未确认、主线,无,https://bangumi.tv/subject/473833,未命中,0.0377906976744186,未命中,0,未命中
houkago_no_pleiades_tv_2015,放学后的昴星团,2015 TV,非恋爱,主线,缺席,主线,并行,https://bangumi.tv/subject/86517,命中,0.057047909166435894,未命中,0,未命中
munou_na_nana_tv_2020,无能力者娜娜,2020 TV,非恋爱,主线,缺席,主线,副线,https://bangumi.tv/subject/302418,未命中,0.012835472578763127,未命中,0,未命中
fate_kaleid_liner_prisma_illya_sekka_no_chikai_movie_2017,剧场版 Fate/kaleid liner 魔法少女☆伊莉雅 雪下的誓言,2017 剧场动画,非恋爱,局部,缺席,,副线,https://bangumi.tv/subject/193373,命中,0.0325276420673695,未命中,0,未命中
yuyushiki_ova_2017,悠悠式 OVA,2017 OVA,潜在恋爱,主线,主线,未确认、主线,无,https://bangumi.tv/subject/175533,命中,0.10498220640569395,未命中,0,未命中
taishou_yakyuu_musume_tv_2009,大正野球娘。,2009 TV,潜在恋爱,主线,重要副线,未确认、主线、官方恋爱,并行,https://bangumi.tv/subject/1731,命中,0.1023778071334214,未命中,0,未命中
amanatsu_advance_tv_2018,蓝海少女 第二季,2018 TV,潜在恋爱,主线,主线,未确认、主线、官方恋爱,副线,https://bangumi.tv/subject/229947,命中,0.064030131826742,未命中,0,未命中
teekyu_tv_2013_s3,网球并不可笑嘛 3期,2013 TV,非恋爱,主线,缺席,主线,无,https://bangumi.tv/subject/82079,命中,0.057621791513881616,未命中,0,未命中
yuyushiki_tv_2013,悠悠式,2013 TV,潜在恋爱,主线,重要副线,未确认、主线、官方字面,无,https://bangumi.tv/subject/46828,命中,0.11793372319688109,未命中,80,未命中
high_school_fleet_tv_2016,高校舰队,2016 TV,非恋爱,主线,缺席,主线,无,https://bangumi.tv/subject/144843,命中,0.10509507911162723,未命中,60,未命中
kunoichi_tsubaki_no_mune_no_uchi_tv_2022,忍者椿的胸之内,2022 TV,潜在恋爱,主线,重要副线,未确认、主线、官方恋爱,主导,https://bangumi.tv/subject/351973,命中,0.06582182712313221,未命中,0,未命中
koisuru_asteroid_tv_2020,恋爱小行星,2020 TV,明确欲望,主线,主线,欲望、未确认、主线、官方恋爱,无,https://bangumi.tv/subject/276150,命中,0.10731971525843392,未命中,79,未命中
the_idolmaster_cinderella_girls_tv_2015,偶像大师 灰姑娘女孩,2015 TV,非恋爱,主线,缺席,主线,无,https://bangumi.tv/subject/101399,命中,0.028833377624235983,未命中,0,未命中
gakkou_gurashi_tv_2015,学园孤岛,2015 TV,非恋爱,主线,缺席,主线,副线,https://bangumi.tv/subject/106693,命中,0.10497835497835498,未命中,32,未命中
toaru_kagaku_no_railgun_s_ova_2014,某科学的超电磁炮S OVA,2014 OVA,明确欲望,主线,重要副线,欲望、未确认、主线,无,https://bangumi.tv/subject/97197,命中,0.06103993971363979,未命中,0,未命中
fate_kaleid_liner_prisma_illya_2wei_oad_2015,Fate/kaleid liner 魔法少女☆伊莉雅 2wei OAD,2015 OVA,明确欲望,主线,重要副线,欲望、未确认、主线、官方恋爱,副线,https://bangumi.tv/subject/107974,命中,0.07215519280813816,未命中,70,未命中
ibaranoou_king_of_thorn_movie_2010,古城荆棘王,2010 剧场动画,非恋爱,主线,缺席,主线,无,https://bangumi.tv/subject/6816,命中,0.05249343832020997,未命中,0,未命中
yuru_camp_season_3_tv_2024,摇曳露营△ 第三季,2024 TV,非恋爱,主线,缺席,主线,无,https://bangumi.tv/subject/405785,未命中,0.05600870038064165,未命中,0,未命中
fate_kaleid_liner_prisma_illya_3rei_tv_2016,Fate/kaleid liner 魔法少女☆伊莉雅 3rei!!,2016 TV,潜在恋爱,主线,主线,未确认、主线,无,https://bangumi.tv/subject/147466,命中,0.09607821103494775,未命中,79,未命中
mai_otome_0_sifr_ova_2008,舞-乙HiME 0～S.ifr～,2008 OVA,明确欲望,主线,重要副线,欲望、未确认、主线、官方恋爱,无,https://bangumi.tv/subject/3948,命中,0.08213096559378469,未命中,0,未命中
mouretsu_uchuu_kaizoku_abyss_of_hyperspace_movie_2014,暴力宇宙海贼 剧场版 亚空的深渊,2014 剧场动画,潜在恋爱,重要副线,局部,未确认、官方恋爱,无,https://bangumi.tv/subject/50900,未命中,0.054414784394250515,未命中,0,未命中
teekyu_tv_2013_s2,网球并不可笑嘛 2期,2013 TV,非恋爱,主线,缺席,主线,无,https://bangumi.tv/subject/69943,命中,0.058599333015721775,未命中,0,未命中
kannazuki_no_miko_tv_2004,神无月的巫女,2004 TV,明确交往,主线,主线,交往、欲望、未确认、主线,并行,https://bangumi.tv/subject/2451,命中,0.18972542072630647,命中,94,命中
nijiyon_animation_tv_2023,虹四动画,2023 TV,潜在恋爱,主线,重要副线,未确认、主线,无,https://bangumi.tv/subject/401960,命中,0.08187134502923976,未命中,0,未命中
mikakunin_de_shinkoukei_tv_2014,未确认进行式,2014 TV,潜在恋爱,重要副线,局部,未确认,主导,https://bangumi.tv/subject/83869,命中,0.03328217916746595,未命中,0,未命中
strawberry_panic_tv_2006,惊爆草莓,2006 TV,明确交往,主线,主线,交往、欲望、未确认、主线、官方字面,无,https://bangumi.tv/subject/2813,命中,0.17467711200508151,命中,100,命中
fate_kaleid_liner_prisma_illya_tv_2013,Fate/kaleid liner 魔法少女☆伊莉雅,2013 TV,非恋爱,主线,缺席,主线,副线,https://bangumi.tv/subject/43951,命中,0.08048015277588323,未命中,79,未命中
a_channel_tv_2011,A频道,2011 TV,潜在恋爱,主线,重要副线,未确认、主线、官方恋爱,无,https://bangumi.tv/subject/10227,命中,0.12278440219142765,未命中,0,未命中
key_the_metal_idol_ova_1994,非常偶像Key,1994 OVA,非恋爱,主线,缺席,主线,副线,https://bangumi.tv/subject/1002,未命中,0.044275774826059454,未命中,0,未命中
feng_ling_yu_xiu_second_chapter_special_web_2024,风灵玉秀 第二章 特别篇,2024 WEB,潜在恋爱,主线,主线,未确认、主线,无,https://bangumi.tv/subject/454033,命中,0.14285714285714285,命中,60,未命中
canaan_tv_2009,迦南,2009 TV,潜在恋爱,主线,主线,未确认、主线,无,https://bangumi.tv/subject/1952,命中,0.05023509032417718,未命中,15,未命中
teekyu_tv_2015_s4,网球并不可笑嘛 4期,2015 TV,非恋爱,主线,缺席,主线,无,https://bangumi.tv/subject/91322,命中,0.060762766645119586,未命中,0,未命中
kakegurui_xx_tv_2019,狂赌之渊××,2019 TV,明确欲望,主线,重要副线,欲望、未确认、主线,无,https://bangumi.tv/subject/234778,命中,0.028548770816812053,未命中,61,未命中
mai_otome_tv_2005,舞-乙HiME,2005 TV,明确欲望,主线,重要副线,欲望、未确认、主线,主导,https://bangumi.tv/subject/1028,命中,0.11442415206857995,未命中,0,未命中
show_by_rock_mashumairesh_tv_2020,SHOW BY ROCK!! Mashumairesh!!,2020 TV,明确欲望,主线,重要副线,欲望、未确认、主线,无,https://bangumi.tv/subject/295195,命中,0.09865900383141762,未命中,50,未命中
chio_chan_no_tsuugakuro_tv_2018,千绪的通学路,2018 TV,非恋爱,主线,缺席,主线,副线,https://bangumi.tv/subject/218226,未命中,0.023306164034640857,未命中,40,未命中
hanayamata_tv_2014,花舞少女,2014 TV,潜在恋爱,主线,重要副线,未确认、主线,无,https://bangumi.tv/subject/91222,命中,0.12209677419354839,未命中,0,未命中
teekyu_tv_2017_s9,网球并不可笑嘛 9期,2017 TV,潜在恋爱,主线,重要副线,未确认、主线,副线,https://bangumi.tv/subject/212675,未命中,0.05398457583547558,未命中,0,未命中
kakegurui_twin_web_2022,狂赌之渊 双,2022 WEB,潜在恋爱,主线,主线,未确认、主线,副线,https://bangumi.tv/subject/356658,命中,0.06823027718550106,未命中,0,未命中
watashi_ni_tenshi_ga_maiorita_precious_friends_movie_2022,天使降临到了我身边！Precious Friends,2022 剧场动画,明确欲望,主线,主线,欲望、未确认、主线、官方字面、官方恋爱,无,https://bangumi.tv/subject/320493,命中,0.09504759277141675,命中,78,未命中
suite_precure_tv_2011,Suite 光之美少女♪,2011 TV,非恋爱,主线,缺席,主线,副线,https://bangumi.tv/subject/11779,未命中,0.07777777777777778,未命中,0,未命中
teekyu_tv_2015_s5,网球并不可笑嘛 5期,2015 TV,非恋爱,主线,缺席,主线,无,https://bangumi.tv/subject/130452,命中,0.0627177700348432,未命中,0,未命中
teekyu_tv_2016_s8,网球并不可笑嘛 8期,2016 TV,非恋爱,主线,缺席,主线,无,https://bangumi.tv/subject/189639,命中,0.056134723336006415,未命中,0,未命中
princess_principal_crown_handler_ch2_movie_2021,Princess Principal Crown Handler 第2章,2021 剧场动画,非恋爱,主线,缺席,主线,无,https://bangumi.tv/subject/244929,命中,0.11397557666214382,未命中,0,未命中
sakura_quest_tv_2017,樱花任务,2017 TV,非恋爱,主线,缺席,主线,无,https://bangumi.tv/subject/200547,未命中,0.006620360321250272,未命中,0,未命中
bang_dream_its_mygo_movie_part1_2024,剧场版 BanG Dream! It's MyGO!!!!! 前篇 春日向阳，迷途野猫,2024 剧场动画,潜在恋爱,主线,局部,未确认、主线,无,https://bangumi.tv/subject/473832,未命中,0.03558576569372251,未命中,0,未命中
kitakubu_katsudou_kiroku_tv_2013,归宅部活动记录,2013 TV,潜在恋爱,主线,局部,未确认、主线,无,https://bangumi.tv/subject/75702,命中,0.06491575817641229,未命中,0,未命中
teekyu_tv_2016_s7,网球并不可笑嘛 7期,2016 TV,非恋爱,主线,缺席,主线,无,https://bangumi.tv/subject/159365,命中,0.05780780780780781,未命中,0,未命中
shadows_house_tv_2021,影宅,2021 TV,非恋爱,主线,缺席,主线,副线,https://bangumi.tv/subject/316957,未命中,0.03268428372739916,未命中,0,未命中
love_live_nijigasaki_next_sky_ova_2023,LoveLive！虹咲学园学园偶像同好会 NEXT SKY,2023 OVA,非恋爱,主线,缺席,主线,无,https://bangumi.tv/subject/408883,命中,0.06689895470383275,未命中,40,未命中
madlax_tv_2004,MADLAX,2004 TV,明确欲望,主线,主线,欲望、未确认、主线,副线,https://bangumi.tv/subject/1418,命中,0.09283135636926251,未命中,60,未命中
teekyu_tv_2015_s6,网球并不可笑嘛 6期,2015 TV,潜在恋爱,主线,局部,未确认、主线,副线,https://bangumi.tv/subject/143751,命中,0.05371596762325239,未命中,0,未命中
yuuki_yuuna_dai_mankai_tv_2021,结城友奈是勇者 -大满开之章-,2021 TV,潜在恋爱,主线,重要副线,未确认、主线,无,https://bangumi.tv/subject/311759,命中,0.11344623546215059,未命中,60,未命中
another_the_other_inga_ova_2012,Another 第0话,2012 OVA,非恋爱,主线,缺席,主线,未知,https://bangumi.tv/subject/24540,命中,0.06202898550724638,未命中,0,未命中
selector_destructed_wixoss_movie_2016,选择破坏者WIXOSS剧场版,2016 剧场动画,明确欲望,主线,主线,欲望、未确认、主线,副线,https://bangumi.tv/subject/131540,命中,0.0888468809073724,未命中,0,未命中
koufuku_graffiti_tv_2015,幸腹涂鸦,2015 TV,潜在恋爱,主线,主线,未确认、主线,无,https://bangumi.tv/subject/105969,命中,0.09949892627057981,未命中,0,未命中
world_dai_star_tv_2023,演剧星世界,2023 TV,非恋爱,主线,缺席,主线,无,https://bangumi.tv/subject/409088,命中,0.1064410480349345,未命中,0,未命中
teekyu_tv_2012,网球并不可笑嘛,2012 TV,明确欲望,主线,局部,欲望、未确认、主线,无,https://bangumi.tv/subject/46832,命中,0.052086601819893316,未命中,0,未命中
lapis_relights_tv_2020,宝石幻想：光芒重现,2020 TV,非恋爱,主线,缺席,主线,无,https://bangumi.tv/subject/241185,命中,0.08763605916829473,未命中,79,未命中
mai_otome_zwei_ova_2006,舞-乙HiME Zwei,2006 OVA,潜在恋爱,主线,主线,未确认、主线,无,https://bangumi.tv/subject/3944,命中,0.09651741293532339,未命中,0,未命中
senki_zesshou_symphogear_axz_tv_2017,战姬绝唱SYMPHOGEAR AXZ,2017 TV,潜在恋爱,主线,主线,未确认、主线,副线,https://bangumi.tv/subject/163711,命中,0.09697732997481108,未命中,79,未命中
amanatsu_tv_2016,蓝海少女,2016 TV,非恋爱,主线,缺席,主线,无,https://bangumi.tv/subject/148142,命中,0.06053384175405148,未命中,0,未命中
hack_sign_tv_2002,.hack//时空,2002 TV,潜在恋爱,主线,主线,未确认、主线,无,https://bangumi.tv/subject/1997,未命中,0.03477141017385705,未命中,20,未命中
dumbbell_nan_kilo_moteru_tv_2019,流汗吧！健身少女,2019 TV,非恋爱,主线,缺席,主线,副线,https://bangumi.tv/subject/271724,未命中,0.0429938097917839,未命中,0,未命中
frozen_fever_short_2015,冰雪奇缘：生日惊喜,2015 剧场动画,非恋爱,主线,缺席,主线,副线,https://bangumi.tv/subject/112481,未命中,0.05112474437627812,无可对应页面,,无可对应页面
sora_iro_utility_tv_2025,一杆青空,2025 TV,非恋爱,主线,缺席,主线,无,https://bangumi.tv/subject/479788,未命中,0.05499735589635114,未命中,0,未命中
egao_no_taenai_shokuba_tv_2025,这里是充满笑容的职场。,2025 TV,潜在恋爱,主线,局部,未确认、主线、官方恋爱,无,https://bangumi.tv/subject/475663,未命中,0.09479799313440718,未命中,63,未命中
centaur_no_nayami_tv_2017,人马小姐不迷茫,2017 TV,潜在恋爱,主线,局部,未确认、主线、官方恋爱,副线,https://bangumi.tv/subject/201754,命中,0.0886426592797784,未命中,20,未命中
watashi_wo_tabetai_hitodenashi_tv_2025,对我垂涎欲滴的非人少女,2025 TV,潜在恋爱,主线,主线,未确认、主线、官方字面、官方恋爱,无,https://bangumi.tv/subject/520842,命中,0.14508946643996437,命中,80,命中
an_happy_tv_2016,Anne Happy♪,2016 TV,明确欲望,主线,重要副线,欲望、未确认、主线、官方恋爱,无,https://bangumi.tv/subject/138053,命中,0.12270412100632813,未命中,0,未命中
slow_loop_tv_2022,女孩的钓鱼慢活,2022 TV,明确欲望,主线,局部,欲望、未确认、主线、官方恋爱,无,https://bangumi.tv/subject/323626,命中,0.08992761624340571,未命中,0,未命中
sansha_sanyou_tv_2016,三者三叶,2016 TV,非恋爱,主线,缺席,主线,副线,https://bangumi.tv/subject/145908,命中,0.10033655868742111,未命中,0,未命中
locodol_tv_2014,普通女高中生要做当地偶像,2014 TV,非恋爱,主线,缺席,主线,无,https://bangumi.tv/subject/94236,命中,0.11168329578371419,未命中,0,未命中
sabagebu_tv_2014,生存游戏社,2014 TV,明确欲望,主线,重要副线,欲望、未确认、主线、官方恋爱,无,https://bangumi.tv/subject/82193,命中,0.09457329430308489,未命中,0,未命中
mou_ippon_tv_2023,再得一胜！,2023 TV,潜在恋爱,主线,重要副线,未确认、主线,无,https://bangumi.tv/subject/341148,未命中,0.05226480836236934,未命中,0,未命中
mieruko_chan_tv_2021,看得见的女孩,2021 TV,非恋爱,主线,缺席,主线,无,https://bangumi.tv/subject/330973,未命中,0.015781211269933076,未命中,20,未命中
locodol_ova_2015,普通女高中生要做当地偶像 OVA,2015 OVA,潜在恋爱,主线,重要副线,未确认、主线,无,https://bangumi.tv/subject/137062,命中,0.1303030303030303,未命中,0,未命中
urara_meirochou_tv_2017,Urara迷路帖,2017 TV,潜在恋爱,主线,重要副线,未确认、主线,无,https://bangumi.tv/subject/173303,命中,0.12222406363937686,未命中,0,未命中
fate_kaleid_liner_prisma_illya_oad_2014,Fate/kaleid liner 魔法少女☆伊莉雅 OAD,2014 OVA,非恋爱,主线,缺席,主线,无,https://bangumi.tv/subject/83731,命中,0.0787244643746886,未命中,0,未命中
saki_biyori_oad_2015,咲日和 OAD,2015 OVA,非恋爱,主线,缺席,主线,无,https://bangumi.tv/subject/114197,命中,0.1211750305997552,未命中,0,未命中
sora_no_woto_tv_2010,空之音,2010 TV,非恋爱,主线,缺席,主线,副线,https://bangumi.tv/subject/3477,命中,0.02057142857142857,未命中,20,未命中
kanamemo_tv_2009,加奈日记,2009 TV,明确欲望,主线,重要副线,欲望、未确认、主线、官方恋爱,无,https://bangumi.tv/subject/1822,命中,0.12578241430700446,命中,81,命中
bad_girl_tv_2025,不良少女,2025 TV,潜在恋爱,主线,主线,未确认、主线、官方字面、官方恋爱,无,https://bangumi.tv/subject/501614,未命中,0.10764158262218775,命中,95,未命中
princess_principal_crown_handler_ch3_movie_2023,Princess Principal Crown Handler 第3章,2023 剧场动画,潜在恋爱,主线,重要副线,未确认、主线,无,https://bangumi.tv/subject/244930,命中,0.1163575042158516,未命中,0,未命中
high_school_fleet_movie_2020,剧场版 高校舰队,2020 剧场动画,潜在恋爱,主线,主线,未确认、主线,无,https://bangumi.tv/subject/242391,命中,0.08503401360544217,未命中,0,未命中
senki_zesshou_symphogear_gx_tv_2015,战姬绝唱SYMPHOGEAR GX,2015 TV,潜在恋爱,主线,主线,未确认、主线,无,https://bangumi.tv/subject/90512,命中,0.09400269541778976,未命中,79,未命中
wake_up_girls_tv_2014,"Wake Up, Girls!",2014 TV,非恋爱,主线,缺席,主线,副线,https://bangumi.tv/subject/48880,未命中,0.01632769979948439,未命中,0,未命中
edomae_elf_tv_2023,江户前精灵,2023 TV,非恋爱,主线,缺席,主线,无,https://bangumi.tv/subject/387803,命中,0.04874274661508704,未命中,0,未命中
wonder_egg_priority_tv_2021,奇蛋物语,2021 TV,明确欲望,主线,重要副线,欲望、未确认、主线,副线,https://bangumi.tv/subject/316607,未命中,0.04557861444478142,未命中,0,未命中
asagao_to_kase_san_web_2017,你的光芒 ～牵牛花与加濑同学。～,2017 WEB 短篇,潜在恋爱,主线,主线,未确认、主线、官方恋爱,无,https://bangumi.tv/subject/211882,命中,0.16191768430574402,命中,100,命中
alice_in_deadly_school_ova_2021,Alice in Deadly School,2021 OVA,潜在恋爱,主线,主线,未确认、主线,无,https://bangumi.tv/subject/189777,命中,0.05903527717782577,未命中,0,未命中
harmony_movie_2015,和谐,2015 剧场动画,明确欲望,主线,主线,欲望、未确认、主线,无,https://bangumi.tv/subject/100448,命中,0.08113148896487411,未命中,80,未命中
love_live_nijigasaki_final_chapter_part_1_movie_2024,电影 Love Live! 虹咲学园校园偶像同好会 完结篇 第1章,2024 剧场动画,潜在恋爱,主线,重要副线,未确认、主线,无,https://bangumi.tv/subject/442614,未命中,0.07285546415981199,未命中,73,未命中
nekogami_yaoyorozu_tv_2011,猫神八百万,2011 TV,明确欲望,主线,重要副线,欲望、未确认、主线、官方恋爱,副线,https://bangumi.tv/subject/10283,命中,0.04696356275303644,未命中,0,未命中
shuumatsu_no_izetta_tv_2016,终末的伊泽塔,2016 TV,潜在恋爱,主线,主线,未确认、主线,副线,https://bangumi.tv/subject/184840,命中,0.12180028129395218,未命中,20,未命中
show_by_rock_tv_2015,SHOW BY ROCK!!,2015 TV,潜在恋爱,主线,重要副线,未确认、主线、官方恋爱,无,https://bangumi.tv/subject/112905,命中,0.05179282868525897,未命中,50,未命中
luminous_witches_tv_2022,联盟空军航空魔法音乐队 光辉魔女,2022 TV,非恋爱,主线,缺席,主线,无,https://bangumi.tv/subject/253047,命中,0.09380952380952381,未命中,0,未命中
hina_log_tv_2017,雏逻辑 ～from Luck & Logic～,2017 TV,明确欲望,主线,主线,欲望、未确认、主线,无,https://bangumi.tv/subject/175362,命中,0.13834173156207055,未命中,85,未命中
higurashi_gou_tv_2020,寒蝉鸣泣之时 业,2020 TV,明确欲望,主线,主线,欲望、未确认、主线,无,https://bangumi.tv/subject/297969,未命中,0.015994354933552862,未命中,40,未命中
carole_and_tuesday_tv_2019,CAROLE & TUESDAY,2019 TV,明确交往,主线,局部,交往、欲望、未确认、主线,副线,https://bangumi.tv/subject/239912,未命中,0.02920016927634363,未命中,0,未命中
re_stage_dream_days_tv_2019,Re:Stage！Dream Days♪,2019 TV,潜在恋爱,主线,主线,未确认、主线、官方恋爱,无,https://bangumi.tv/subject/252321,命中,0.08422837761447145,未命中,0,未命中
selector_spread_wixoss_tv_2014,选择扩散者WIXOSS,2014 TV,明确欲望,主线,主线,欲望、未确认、主线、官方恋爱,副线,https://bangumi.tv/subject/106314,命中,0.08257686676427525,未命中,0,未命中
fumikiri_jikan_tv_2018,踏切时间,2018 TV,明确欲望,重要副线,重要副线,欲望、未确认、官方恋爱,副线,https://bangumi.tv/subject/236103,命中,0.04829834929692276,未命中,50,未命中
hacka_doll_tv_2015,骇客娃娃,2015 TV,非恋爱,重要副线,缺席,,副线,https://bangumi.tv/subject/132754,命中,0.02436412315930388,未命中,0,未命中
nekogami_yaoyorozu_ova_2012,猫神八百万OVA,2012 OVA,潜在恋爱,主线,局部,未确认、主线,副线,https://bangumi.tv/subject/37416,命中,0.08066298342541436,未命中,0,未命中
hitohira_tv_2007,初瓣,2007 TV,潜在恋爱,主线,主线,未确认、主线,副线,https://bangumi.tv/subject/5910,命中,0.08596713021491782,未命中,0,未命中
nijiyon_animation_season_2_tv_2024,虹四动画 第二季,2024 TV,潜在恋爱,主线,重要副线,未确认、主线,无,https://bangumi.tv/subject/471926,命中,0.08087091757387248,未命中,0,未命中
wakaba_girl_tv_2015,若叶女孩,2015 TV,非恋爱,主线,缺席,主线,副线,https://bangumi.tv/subject/128635,命中,0.10183750276732345,未命中,0,未命中
show_by_rock_stars_tv_2021,SHOW BY ROCK!! STARS!!,2021 TV,潜在恋爱,主线,局部,未确认、主线,无,https://bangumi.tv/subject/302802,命中,0.11547619047619048,未命中,40,未命中
doki_doki_precure_tv_2013,心跳！光之美少女,2013 TV,潜在恋爱,主线,主线,未确认、主线、官方恋爱,副线,https://bangumi.tv/subject/55100,未命中,0.07828134196586227,未命中,79,未命中
d4dj_first_mix_tv_2020,D4DJ First Mix,2020 TV,非恋爱,主线,缺席,主线,无,https://bangumi.tv/subject/299372,命中,0.06693989071038252,未命中,0,未命中
shoujo_yobidashi_special_web_2026,呼唤少女特别篇 想做的事到底是什么,2026 WEB,潜在恋爱,主线,重要副线,未确认、主线,无,https://bangumi.tv/subject/627556,未命中,0.06775170325510976,无可对应页面,0,命中
bang_dream_episode_of_roselia_2_song_i_am_movie_2021,BanG Dream! Episode of Roselia Ⅱ : Song I am.,2021 剧场动画,潜在恋爱,主线,局部,未确认、主线,无,https://bangumi.tv/subject/315490,未命中,0.04538279400157853,未命中,0,未命中
selector_infected_wixoss_tv_2014,选择感染者WIXOSS,2014 TV,非恋爱,主线,缺席,主线,副线,https://bangumi.tv/subject/95095,命中,0.08257825370675453,未命中,0,未命中
otome_wa_boku_ni_koishiteru_tv_2006,少女爱上姐姐,2006 TV,非恋爱,重要副线,缺席,,主导,https://bangumi.tv/subject/3828,命中,0.0803030303030303,未命中,20,未命中
action_heroine_cheer_fruits_tv_2017,动作女主 水果应援团,2017 TV,潜在恋爱,主线,重要副线,未确认、主线,无,https://bangumi.tv/subject/204483,命中,0.07810650887573964,未命中,0,未命中
mini_yuri_web_2019,迷你百合,2019 WEB 短篇,明确欲望,主线,重要副线,欲望、未确认、主线、官方字面,无,https://bangumi.tv/subject/285545,命中,0.11858190709046455,命中,79,命中
hotaruko_ova_2003,萤子,2003 OVA,明确欲望,主线,主线,欲望、未确认、主线、官方恋爱,副线,https://bangumi.tv/subject/34500,命中,0.10372608257804633,无可对应页面,60,未命中
kaijuu_girls_black_movie_2018,怪兽娘（黑）～奥特怪兽拟人化计划～,2018 剧场动画,非恋爱,主线,缺席,主线,无,https://bangumi.tv/subject/241187,未命中,0.07452574525745258,未命中,0,未命中
inari_konkon_koi_iroha_tv_2014,稻荷恋之歌,2014 TV,明确欲望,主线,重要副线,欲望、未确认、主线,主导,https://bangumi.tv/subject/56116,命中,0.018157807857378673,未命中,0,未命中
hyperdimension_neptunia_tv_2013,超次元游戏 海王星,2013 TV,非恋爱,主线,缺席,主线,副线,https://bangumi.tv/subject/47957,命中,0.07455099966113182,未命中,0,未命中
devilman_lady_tv_1998,女恶魔人,1998 TV,明确欲望,主线,主线,欲望、未确认、主线、官方恋爱,副线,https://bangumi.tv/subject/7570,命中,0.07547169811320754,未命中,0,未命中
jashin_chan_dropkick_x_tv_2022,邪神与厨二病少女 X,2022 TV,潜在恋爱,主线,主线,未确认、主线,无,https://bangumi.tv/subject/316131,命中,0.060058048671578476,未命中,10,未命中
d4dj_all_mix_tv_2023,D4DJ All Mix,2023 TV,非恋爱,主线,缺席,主线,无,https://bangumi.tv/subject/377556,命中,0.0766990291262136,未命中,0,未命中
love_live_sunshine_movie_2019,LoveLive! Sunshine!! 学园偶像 电影 彩虹彼端,2019 剧场动画,非恋爱,主线,缺席,主线,副线,https://bangumi.tv/subject/234295,未命中,0.04216660953033939,未命中,0,未命中
sword_oratoria_tv_2017,在地下城寻求邂逅是否搞错了什么 外传 剑姬神圣谭,2017 TV,潜在恋爱,主线,重要副线,未确认、主线,副线,https://bangumi.tv/subject/172155,未命中,0.017401244760574114,未命中,0,未命中
hitoribocchi_no_marumaru_seikatsu_tv_2019,一个人的○○小日子,2019 TV,非恋爱,主线,缺席,主线,无,https://bangumi.tv/subject/241335,命中,0.09615676743126234,未命中,0,未命中
null_and_peta_tv_2019,NULL & PETA,2019 TV,非恋爱,主线,缺席,主线,无,https://bangumi.tv/subject/289145,命中,0.07964033397559409,未命中,0,未命中
kobayashi_maid_dragon_movie_2025,小林家的龙女仆 怕寂寞的龙,2025 剧场动画,潜在恋爱,主线,重要副线,未确认、主线,无,https://bangumi.tv/subject/514353,未命中,0.036961195863622405,命中,51,未命中
high_school_fleet_ova_2017,高校舰队 OVA,2017 OVA,非恋爱,主线,缺席,主线,无,https://bangumi.tv/subject/193509,命中,0.11128284389489954,未命中,0,未命中
burst_angel_tv_2004,爆裂天使,2004 TV,潜在恋爱,主线,主线,未确认、主线,无,https://bangumi.tv/subject/4471,命中,0.12004801920768307,未命中,56,未命中
hyakko_tv_2008,虎子,2008 TV,明确欲望,主线,局部,欲望、未确认、主线,副线,https://bangumi.tv/subject/2942,命中,0.10636442894507411,未命中,0,未命中
happy_sugar_life_tv_2018,Happy Sugar Life,2018 TV,明确交往,主线,主线,交往、欲望、未确认、主线、官方恋爱,副线,https://bangumi.tv/subject/240828,命中,0.154003923666845,命中,66,命中
koukaku_no_pandora_movie_2015,红壳的潘多拉,2015 剧场动画,潜在恋爱,主线,主线,未确认、主线,无,https://bangumi.tv/subject/150239,命中,0.09689922480620156,未命中,78,未命中
shiroi_suna_no_aquatope_tv_2021,白沙的水族馆,2021 TV,非恋爱,主线,缺席,主线,无,https://bangumi.tv/subject/325281,命中,0.06969376979936642,未命中,60,未命中
shuumatsu_train_doko_e_iku_tv_2024,末日列车去哪里？,2024 TV,非恋爱,主线,缺席,主线,无,https://bangumi.tv/subject/404809,未命中,0.05978621897457576,未命中,0,未命中
rin_sen_ran_sem_cross_mix_ova_2013,RIN×SEN＋Ran→Sem Cross Mix,2013 OVA,明确欲望,局部,局部,欲望、未确认,副线,https://bangumi.tv/subject/78176,未命中,0.036177105831533475,无可对应页面,40,未命中
aika_ova_1997,海底娇娃蓝华,1997 OVA,非恋爱,重要副线,缺席,官方恋爱,副线,https://bangumi.tv/subject/36686,未命中,0.04259776536312849,未命中,0,未命中
queens_blade_s2_tv_2009,女皇之刃 王座的继承者,2009 TV,明确欲望,主线,重要副线,欲望、未确认、主线,副线,https://bangumi.tv/subject/2605,命中,0.05428716387620497,未命中,66,未命中
yami_to_boushi_to_hon_no_tabibito_tv_2003,暗与帽子与书之旅人,2003 TV,明确欲望,主线,主线,欲望、未确认、主线、官方恋爱,副线,https://bangumi.tv/subject/1906,命中,0.15605999189298744,命中,92,命中
azur_lane_bisoku_tv_2021,碧蓝航线：微速前行！,2021 TV,潜在恋爱,主线,局部,未确认、主线,未知,https://bangumi.tv/subject/297168,未命中,0.035390591281829954,未命中,0,未命中
morita_san_wa_mukuchi_2_tv_2011,森田同学很沉默 2,2011 TV,明确欲望,主线,局部,欲望、未确认、主线、官方恋爱,副线,https://bangumi.tv/subject/24056,命中,0.05286343612334802,未命中,0,未命中
sora_no_method_tv_2014,天体的秩序,2014 TV,非恋爱,主线,缺席,主线,无,https://bangumi.tv/subject/100040,命中,0.10089615181866105,未命中,0,未命中
queens_blade_beautiful_warriors_ova_2010,女皇之刃 美丽女斗士们,2010 OVA,潜在恋爱,主线,局部,未确认、主线,无,https://bangumi.tv/subject/8389,未命中,0.04717710750193349,未命中,79,未命中
lagrange_kamogawa_days_ova_2012,轮回的拉格朗日 鸭川日常,2012 OVA,潜在恋爱,主线,局部,未确认、主线,无,https://bangumi.tv/subject/41428,命中,0.09396751740139211,未命中,30,未命中
joshikousei_no_koshitsuki_ova_2013,女高中生的腰技,2013 OVA,明确欲望,重要副线,重要副线,欲望、未确认,主导,https://bangumi.tv/subject/79201,未命中,0.026633165829145728,无可对应页面,50,未命中
natsuiro_kiseki_tv_2012,夏色奇迹,2012 TV,非恋爱,主线,缺席,主线,副线,https://bangumi.tv/subject/26825,命中,0.07113613101330604,未命中,0,未命中
kuzu_no_honkai_tv_2017,人渣的本愿,2017 TV,明确欲望,重要副线,重要副线,欲望、未确认、官方恋爱,主导,https://bangumi.tv/subject/174143,未命中,0.007137408739239403,未命中,55,未命中
blue_drop_tv_2007,BLUE DROP 天使们的戏曲,2007 TV,明确交往,主线,主线,交往、欲望、未确认、主线,无,https://bangumi.tv/subject/1273,命中,0.19063270336894,命中,91,命中
girls_high_tv_2006,女子高中生,2006 TV,明确交往,主线,局部,交往、欲望、未确认、主线,副线,https://bangumi.tv/subject/5881,未命中,0.047123623011015914,未命中,0,未命中
strike_witches_501_takeoff_movie_2019,强袭魔女 剧场版 501部队起飞！,2019 剧场动画,潜在恋爱,主线,重要副线,未确认、主线,无,https://bangumi.tv/subject/285410,命中,0.10869565217391304,未命中,0,未命中
hamefura_tv_2020,转生成为了只有乙女游戏破灭Flag的邪恶大小姐,2020 TV,明确欲望,重要副线,重要副线,欲望、未确认、官方恋爱,并行,https://bangumi.tv/subject/264089,未命中,0.03660178724446077,未命中,30,未命中
sounan_desu_ka_tv_2019,你遭难了吗？,2019 TV,非恋爱,主线,缺席,主线,无,https://bangumi.tv/subject/276187,命中,0.09420216533441263,未命中,50,未命中
bernard_jou_iwaku_tv_2016,伯纳德小姐说。,2016 TV,非恋爱,重要副线,缺席,,副线,https://bangumi.tv/subject/185420,命中,0.04472843450479233,未命中,0,未命中
strike_witches_501_takeoff_tv_2019,强袭魔女 501部队起飞！,2019 TV,明确欲望,主线,重要副线,欲望、未确认、主线,无,https://bangumi.tv/subject/253048,命中,0.07850707850707851,未命中,0,未命中
hana_wa_saku_shura_no_gotoku_tv_2025,群花绽放，彷如修罗,2025 TV,潜在恋爱,主线,主线,未确认、主线,副线,https://bangumi.tv/subject/498934,未命中,0.055618381823789455,未命中,0,未命中
senki_zesshou_symphogear_tv_2012,战姬绝唱SYMPHOGEAR,2012 TV,潜在恋爱,主线,主线,未确认、主线,无,https://bangumi.tv/subject/25834,命中,0.08973650267182605,未命中,85,未命中
love_live_sunshine_tv_2016,LoveLive! Sunshine!!,2016 TV,潜在恋爱,主线,主线,未确认、主线,无,https://bangumi.tv/subject/165553,未命中,0.05125887669464171,未命中,0,未命中
otome_wa_boku_ni_koi_shiteru_2_ova_2012,少女爱上姐姐 2人的Elder THE ANIMATION,2012 OVA,非恋爱,重要副线,缺席,官方字面、官方恋爱,主导,https://bangumi.tv/subject/10457,命中,0.053896576839038604,未命中,,未命中
long_riders_tv_2016,长骑美眉,2016 TV,非恋爱,主线,缺席,主线,无,https://bangumi.tv/subject/131800,命中,0.08536585365853659,未命中,0,未命中
dungeon_no_naka_no_hito_tv_2024,地下城里的人们,2024 TV,非恋爱,主线,缺席,主线,无,https://bangumi.tv/subject/450586,未命中,0.049338758901322485,未命中,0,未命中
shin_koihime_musou_otome_ran_tv_2010,真・恋姬无双～少女大乱～,2010 TV,明确欲望,主线,重要副线,欲望、未确认、主线,无,https://bangumi.tv/subject/4286,命中,0.1271276595744681,未命中,0,未命中
stella_no_mahou_tv_2016,斯特拉的魔法,2016 TV,非恋爱,主线,缺席,主线,无,https://bangumi.tv/subject/165972,命中,0.10396409872849663,未命中,0,未命中
love_live_sunshine_season_2_tv_2017,LoveLive! Sunshine!! 第二季,2017 TV,非恋爱,主线,缺席,主线,无,https://bangumi.tv/subject/210272,未命中,0.04691588785046729,未命中,0,未命中
binbou_shimai_monogatari_tv_2006,贫穷姐妹物语,2006 TV,非恋爱,主线,缺席,主线,无,https://bangumi.tv/subject/7397,命中,0.05547226386806597,未命中,0,未命中
umayon_tv_2020,赛马娘四格,2020 TV 短篇,非恋爱,主线,缺席,主线,无,https://bangumi.tv/subject/269389,命中,0.05116925214169947,未命中,0,未命中
fate_kaleid_liner_prisma_illya_licht_movie_2021,剧场版 Fate/kaleid liner 魔法少女☆伊莉雅 Licht 无名的少女,2021 剧场动画,非恋爱,重要副线,缺席,,副线,https://bangumi.tv/subject/306971,命中,0.05275954291271578,未命中,0,未命中
magia_record_tv_2020,魔法纪录 魔法少女小圆外传,2020 TV,非恋爱,主线,缺席,主线,无,https://bangumi.tv/subject/159690,命中,0.06220362622036262,未命中,0,未命中
yonin_wa_sorezore_uso_wo_tsuku_tv_2022,4个人各自有着自己的秘密,2022 TV,非恋爱,主线,缺席,主线、官方恋爱,无,https://bangumi.tv/subject/376565,未命中,0.047446274072006696,未命中,0,未命中
miru_tights_web_2019,裤袜视界,2019 WEB,非恋爱,主线,缺席,主线,无,https://bangumi.tv/subject/270294,命中,0.03155403628714173,未命中,54,未命中
lagrange_season_2_tv_2012,轮回的拉格朗日 第二季,2012 TV,潜在恋爱,主线,主线,未确认、主线,副线,https://bangumi.tv/subject/37562,命中,0.1076555023923445,未命中,0,未命中
shakunetsu_no_takkyuu_musume_tv_2016,灼热乒乓妹,2016 TV,潜在恋爱,主线,主线,未确认、主线,无,https://bangumi.tv/subject/175536,命中,0.12233009708737864,未命中,67,未命中
parade_parade_ova_1996,蓝色星夜,1996 OVA,明确交往,主线,主线,交往、欲望、未确认、主线,无,https://bangumi.tv/subject/62249,未命中,0.10323886639676114,无可对应页面,79,未命中
love_live_superstar_season_1_tv_2021,Love Live! Superstar!!,2021 TV,潜在恋爱,主线,主线,未确认、主线,无,https://bangumi.tv/subject/306742,未命中,0.05895214187383594,未命中,0,未命中
sword_art_online_alternative_gun_gale_online_tv_2018,刀剑神域外传 Gun Gale Online,2018 TV,明确欲望,主线,局部,欲望、未确认、主线,副线,https://bangumi.tv/subject/226750,未命中,0.013234515616728428,未命中,0,未命中
dounika_naru_hibi_movie_2020,顺其自然的日子,2020 剧场动画,明确交往,重要副线,重要副线,交往、欲望、未确认、官方恋爱,并行,https://bangumi.tv/subject/294991,命中,0.0717628705148206,命中,70,命中
third_flight_girls_ova_2015,第三飞行少女队,2015 OVA,潜在恋爱,主线,重要副线,未确认、主线,无,https://bangumi.tv/subject/126606,命中,0.04437119675456389,无可对应页面,,未命中
fragtime_theatrical_ova_2019,时光碎片,2019 剧场 OVA,明确交往,主线,主线,交往、欲望、未确认、主线、官方恋爱,副线,https://bangumi.tv/subject/277727,命中,0.18915046059365404,命中,94,命中
aimai_mi_mousou_catastrophe_tv_2014,漫研部～妄想突变～,2014 TV,非恋爱,主线,缺席,主线,无,https://bangumi.tv/subject/101195,未命中,0.04668534080298786,未命中,0,未命中
fate_kaleid_liner_prisma_phantasm_ova_2019,Fate/kaleid liner 魔法少女☆伊莉雅 Prisma☆Phantasm,2019 OVA,非恋爱,重要副线,缺席,,无,https://bangumi.tv/subject/227263,命中,0.0548651817116061,未命中,0,未命中
morita_san_wa_mukuchi_tv_2011,森田同学很沉默,2011 TV,潜在恋爱,主线,局部,未确认、主线,副线,https://bangumi.tv/subject/16996,命中,0.0630891950688905,未命中,0,未命中
princess_principal_crown_handler_ch4_movie_2025,Princess Principal Crown Handler 第4章,2025 剧场动画,潜在恋爱,主线,重要副线,未确认、主线,副线,https://bangumi.tv/subject/244931,未命中,0.09422492401215805,未命中,0,未命中
super_cub_tv_2021,本田小狼与我,2021 TV,非恋爱,主线,缺席,主线,无,https://bangumi.tv/subject/294337,命中,0.025490457760576537,未命中,0,未命中
black_rock_shooter_ova_2010,黑岩射手,2010 OVA,非恋爱,主线,缺席,主线,无,https://bangumi.tv/subject/2453,命中,0.07511454063178201,未命中,0,未命中
show_by_rock_season_2_tv_2016,SHOW BY ROCK!! 第二季,2016 TV,潜在恋爱,主线,局部,未确认、主线,无,https://bangumi.tv/subject/154073,命中,0.06393054459352802,未命中,50,未命中
kafun_shoujo_ova_2008,花粉少女注意报,2008 OVA,明确欲望,重要副线,重要副线,欲望、未确认,并行,https://bangumi.tv/subject/37939,命中,0.06092436974789916,无可对应页面,60,未命中
gundam_witch_from_mercury_season_1_tv_2022,机动战士高达 水星的魔女,2022 TV,明确交往,主线,主线,交往、欲望、未确认、主线,副线,https://bangumi.tv/subject/349441,命中,0.07684972233129522,未命中,76,未命中
mahou_shoujo_mou_ii_2_tv_2016,魔法少女什么的已经够了啦。第二季,2016 TV,潜在恋爱,主线,重要副线,未确认、主线,无,https://bangumi.tv/subject/189415,命中,0.10776487663280115,未命中,0,未命中
rinne_no_lagrange_tv_2012,轮回的拉格朗日,2012 TV,明确欲望,主线,主线,欲望、未确认、主线,无,https://bangumi.tv/subject/21900,命中,0.08555133079847908,未命中,40,未命中
hyperdimension_neptunia_summer_ova_2020,超次元游戏 海王星 ～涅普的暑假～,2020 OVA,非恋爱,主线,缺席,主线,无,https://bangumi.tv/subject/279365,未命中,0.05751765893037336,未命中,0,未命中
uta_kata_tv_2004,诗片,2004 TV,潜在恋爱,主线,主线,未确认、主线,副线,https://bangumi.tv/subject/1989,命中,0.13970588235294118,未命中,0,未命中
rwby_volume_4_web_2016,红白黑黄 第四季,2016 WEB,非恋爱,主线,缺席,主线,副线,https://bangumi.tv/subject/186257,命中,0.037388392857142856,无可对应页面,,无可对应页面
shin_koihime_musou_ova_2011,真・恋姬无双～少女大乱～ OVA,2011 OVA,明确欲望,主线,局部,欲望、未确认、主线,无,https://bangumi.tv/subject/82214,命中,0.10725075528700906,未命中,0,未命中
bang_dream_mygo_members_daily_web_2022,MyGO!!!!!成员的日常生活,2022 WEB,非恋爱,主线,缺席,主线,无,https://bangumi.tv/subject/448391,命中,0.05860010851871948,未命中,0,未命中
akisora_yume_no_naka_ova_2010,秋日天空 ～梦之中～,2010 OVA,明确欲望,重要副线,重要副线,欲望、未确认,主导,https://bangumi.tv/subject/7783,命中,0.05843439911797133,未命中,50,未命中
inugami_san_to_nekoyama_san_tv_2014,犬神同学和猫山同学,2014 TV,明确欲望,主线,主线,欲望、未确认、主线、官方字面、官方恋爱,无,https://bangumi.tv/subject/93509,命中,0.16825483256193846,命中,97,命中
pandra_white_desire_black_hope_ova_2014,PANDRA 白き欲望 黒の希望 THE ANIMATION,2014 OVA,明确欲望,主线,主线,欲望、未确认、主线,无,https://bangumi.tv/subject/95636,命中,0.06989247311827956,无可对应页面,79,未命中
cross_ange_tv_2014,CROSS ANGE 天使与龙的轮舞,2014 TV,明确欲望,主线,重要副线,欲望、未确认、主线,主导,https://bangumi.tv/subject/109948,命中,0.028200371057513916,未命中,56,未命中
himote_house_tv_2018,不受欢迎之家,2018 TV,非恋爱,主线,缺席,主线,无,https://bangumi.tv/subject/228898,命中,0.04736129905277402,未命中,0,未命中
space_pirate_sara_ova_2008,宇宙海贼萨拉,2008 OVA,明确欲望,主线,主线,欲望、未确认、主线,副线,https://bangumi.tv/subject/30493,命中,0.05283605283605284,无可对应页面,75,未命中
frame_arms_girl_tv_2017,机甲少女 FRAME ARMS GIRL,2017 TV,明确欲望,主线,局部,欲望、未确认、主线,无,https://bangumi.tv/subject/198961,命中,0.06236243580337491,未命中,20,未命中
frozen_2_movie_2019,冰雪奇缘2,2019 剧场动画,非恋爱,主线,缺席,主线,副线,https://bangumi.tv/subject/128131,命中,0.0361952861952862,无可对应页面,,无可对应页面
touka_gettan_tv_2007,桃华月惮,2007 TV,明确欲望,重要副线,重要副线,欲望、未确认、官方恋爱,主导,https://bangumi.tv/subject/809,命中,0.05382619974059663,未命中,0,未命中
assault_lily_fruits_web_2021,突击莉莉Fruits,2021 WEB 短篇,明确欲望,主线,主线,欲望、未确认、主线、官方恋爱,无,https://bangumi.tv/subject/331306,命中,0.14570230607966456,未命中,74,未命中
shin_koihime_musou_ova_2010,真・恋姬无双 OVA,2010 OVA,非恋爱,主线,缺席,主线,无,https://bangumi.tv/subject/7183,命中,0.10121457489878542,未命中,0,未命中
shoujo_sunjik_all_starlight_web_2019,少女☆寸剧 All Starlight,2019 WEB,非恋爱,主线,缺席,主线,无,https://bangumi.tv/subject/279541,命中,0.0794392523364486,未命中,0,未命中
lostorage_conflated_wixoss_tv_2018,失忆融合WIXOSS,2018 TV,潜在恋爱,主线,主线,未确认、主线、官方恋爱,副线,https://bangumi.tv/subject/203812,命中,0.08546433378196501,未命中,0,未命中
tensei_oujo_to_tensai_reijou_no_mahou_kakumei_tv_2023,转生王女与天才千金的魔法革命,2023 TV,明确欲望,主线,主线,欲望、未确认、主线、官方恋爱,副线,https://bangumi.tv/subject/395714,命中,0.1873036781842132,命中,91,命中
one_off_ova_2012,One Off,2012 OVA,潜在恋爱,主线,重要副线,未确认、主线,无,https://bangumi.tv/subject/42859,命中,0.06692160611854685,未命中,0,未命中
anima_yell_tv_2018,Anima Yell!,2018 TV,明确欲望,主线,重要副线,欲望、未确认、主线,无,https://bangumi.tv/subject/236196,命中,0.10323423717739301,未命中,70,未命中
music_start_ova_2013,Music S.T.A.R.T!!,2013 OVA,非恋爱,主线,缺席,主线,无,https://bangumi.tv/subject/84793,命中,0.07067510548523206,未命中,0,未命中
keijo_tv_2016,竞女,2016 TV,明确欲望,主线,重要副线,欲望、未确认、主线,副线,https://bangumi.tv/subject/168634,未命中,0.07165231010180109,未命中,58,未命中
koukaku_no_pandora_tv_2016,红壳的潘多拉,2016 TV,潜在恋爱,主线,主线,未确认、主线,无,https://bangumi.tv/subject/159269,命中,0.1307820299500832,未命中,78,未命中
shin_koihime_musou_tv_2009,真・恋姬无双,2009 TV,明确欲望,主线,局部,欲望、未确认、主线,无,https://bangumi.tv/subject/2606,命中,0.11494252873563218,未命中,0,未命中
vividred_operation_tv_2013,绯色战姬,2013 TV,潜在恋爱,主线,主线,未确认、主线,无,https://bangumi.tv/subject/41245,命中,0.13386761650341347,未命中,66,未命中
kashimashi_girl_meets_girl_tv_2006,女生爱女生,2006 TV,明确交往,主线,主线,交往、欲望、未确认、主线、官方恋爱,副线,https://bangumi.tv/subject/8227,命中,0.13545042125729098,命中,40,命中
brave_witches_tv_2016,无畏魔女,2016 TV,明确欲望,主线,局部,欲望、未确认、主线,无,https://bangumi.tv/subject/85338,命中,0.0973622963537626,未命中,0,未命中
kuttsukiboshi_ova_2010,紧扣的星星,2010 OVA,明确交往,主线,主线,交往、欲望、未确认、主线、官方字面、官方恋爱,副线,https://bangumi.tv/subject/8105,命中,0.2143928035982009,命中,100,命中
hinako_note_tv_2017,雏子的笔记,2017 TV,潜在恋爱,主线,重要副线,未确认、主线,无,https://bangumi.tv/subject/190907,命中,0.10834251101321586,未命中,0,未命中
mahou_shoujo_mou_ii_tv_2016,魔法少女什么的已经够了啦。,2016 TV,潜在恋爱,重要副线,重要副线,未确认,无,https://bangumi.tv/subject/148241,命中,0.08771117796806295,未命中,0,未命中
ramen_koizumi_tv_2018,爱吃拉面的小泉同学,2018 TV,潜在恋爱,主线,主线,未确认、主线、官方恋爱,副线,https://bangumi.tv/subject/212146,命中,0.10063982937883231,未命中,0,未命中
bang_dream_tv_2017,BanG Dream!,2017 TV,非恋爱,主线,缺席,主线,无,https://bangumi.tv/subject/186515,未命中,0.07293041259787103,未命中,60,未命中
bakuon_tv_2016,爆音少女!!,2016 TV,明确欲望,主线,局部,欲望、未确认、主线,无,https://bangumi.tv/subject/134204,命中,0.07673389080177079,未命中,0,未命中
world_witches_hasshin_tv_2021,世界魔女 起飞！,2021 TV,明确欲望,主线,重要副线,欲望、未确认、主线,无,https://bangumi.tv/subject/310950,命中,0.0642737896494157,未命中,0,未命中
senpai_is_an_otokonoko_tv_2024,前辈是男孩子,2024 TV,非恋爱,重要副线,缺席,官方恋爱,并行,https://bangumi.tv/subject/425988,未命中,0.029595404595404596,未命中,0,未命中
maid_dragon_tv_2018,我家的女仆太烦人了！,2018 TV,明确欲望,主线,主线,欲望、未确认、主线、官方恋爱,无,https://bangumi.tv/subject/242670,命中,0.10455655004068348,命中,79,命中
penguin_musume_web_2008,企鹅娘,2008 WEB,明确欲望,主线,重要副线,欲望、未确认、主线,无,https://bangumi.tv/subject/2487,命中,0.12016021361815754,未命中,20,未命中
gokujou_seitokai_tv_2005,极上生徒会,2005 TV,潜在恋爱,主线,重要副线,未确认、主线,副线,https://bangumi.tv/subject/2877,未命中,0.11134020618556702,未命中,0,未命中
black_rock_shooter_tv_2012,黑岩射手,2012 TV,明确欲望,主线,主线,欲望、未确认、主线、官方恋爱,无,https://bangumi.tv/subject/22179,未命中,0.08952254641909814,未命中,0,未命中
ochifuru_tv_2020,满溢的水果挞,2020 TV,明确欲望,主线,重要副线,欲望、未确认、主线、官方恋爱,副线,https://bangumi.tv/subject/279059,命中,0.09062369192130598,未命中,69,未命中
morita_san_wa_mukuchi_ova_2011,森田同学很沉默 OVA,2011 OVA,明确欲望,主线,局部,欲望、未确认、主线,副线,https://bangumi.tv/subject/9821,命中,0.07909090909090909,未命中,0,未命中
granbelm_tv_2019,满月之战,2019 TV,潜在恋爱,主线,主线,未确认、主线,无,https://bangumi.tv/subject/276412,命中,0.11028085544962639,未命中,50,未命中
feng_ling_yu_xiu_second_chapter_web_2023,风灵玉秀 第二章,2023 WEB,潜在恋爱,重要副线,重要副线,未确认、官方恋爱,副线,https://bangumi.tv/subject/358570,命中,0.15800308800823468,命中,72,未命中
harukana_receive_tv_2018,遥的接球,2018 TV,明确欲望,主线,局部,欲望、未确认、主线,无,https://bangumi.tv/subject/220375,未命中,0.10303030303030303,未命中,10,未命中
jahy_sama_tv_2021,迦希女王不会放弃,2021 TV,潜在恋爱,主线,重要副线,未确认、主线、官方恋爱,无,https://bangumi.tv/subject/333349,未命中,0.017438480914551444,未命中,0,未命中
gekidol_tv_2021,剧偶像,2021 TV,明确欲望,主线,重要副线,欲望、未确认、主线,并行,https://bangumi.tv/subject/195723,命中,0.06932688432083838,未命中,62,未命中
koihime_musou_ova_2009,恋姬无双 OVA,2009 OVA,明确欲望,主线,局部,欲望、未确认、主线,无,https://bangumi.tv/subject/7184,命中,0.1111111111111111,未命中,0,未命中
watashi_yuri_wa_oshigoto_tv_2023,我的百合乃工作是也！,2023 TV,明确交往,主线,重要副线,交往、欲望、未确认、主线、官方字面、官方恋爱,无,https://bangumi.tv/subject/381666,命中,0.18280914939242315,命中,93,命中
bang_dream_episode_of_roselia_promise_movie_2021,BanG Dream! Episode of Roselia Ⅰ：约定,2021 剧场动画,非恋爱,主线,缺席,主线,无,https://bangumi.tv/subject/305058,未命中,0.03952843273231623,未命中,0,未命中
vlad_love_web_2021,吸血鬼之爱,2021 WEB,明确欲望,主线,主线,欲望、未确认、主线、官方恋爱,副线,https://bangumi.tv/subject/285424,命中,0.07386629266012155,命中,0,未命中
nyanko_days_tv_2017,猫咪日常,2017 TV 短篇,非恋爱,主线,缺席,主线,无,https://bangumi.tv/subject/193282,命中,0.09045135766948391,未命中,0,未命中
healer_girl_tv_2022,歌愈少女,2022 TV,潜在恋爱,主线,局部,未确认、主线,无,https://bangumi.tv/subject/334498,命中,0.07591240875912408,未命中,0,未命中
akanesasu_shoujo_tv_2018,茜色少女,2018 TV,明确欲望,主线,主线,欲望、未确认、主线,无,https://bangumi.tv/subject/241033,命中,0.071334214002642,未命中,20,未命中
rekan_tv_2015,灵感少女！,2015 TV,潜在恋爱,主线,重要副线,未确认、主线,副线,https://bangumi.tv/subject/110568,命中,0.1223808077740662,未命中,20,未命中
release_the_spyce_tv_2018,月影特工,2018 TV,明确欲望,主线,重要副线,欲望、未确认、主线,无,https://bangumi.tv/subject/236510,命中,0.1150931804218718,未命中,0,未命中
queens_blade_wandering_tv_2009,女皇之刃 流浪的战士,2009 TV,明确欲望,主线,重要副线,欲望、未确认、主线,副线,https://bangumi.tv/subject/1434,命中,0.05611361274679598,未命中,68,未命中
cue_tv_2022,指名！,2022 TV,潜在恋爱,主线,重要副线,未确认、主线,无,https://bangumi.tv/subject/318227,命中,0.04947773501924134,未命中,0,未命中
hamefura_x_tv_2021,转生成为了只有乙女游戏破灭Flag的邪恶大小姐X,2021 TV,明确欲望,重要副线,重要副线,欲望、未确认、官方恋爱,并行,https://bangumi.tv/subject/309056,未命中,0.04272003745318352,未命中,0,未命中
stardust_telepath_tv_2023,星灵感应,2023 TV,潜在恋爱,主线,重要副线,未确认、主线、官方恋爱,无,https://bangumi.tv/subject/404115,命中,0.1510536398467433,未命中,67,未命中
lycoris_recoil_tv_2022,莉可丽丝,2022 TV,潜在恋爱,主线,主线,未确认、主线,无,https://bangumi.tv/subject/364450,未命中,0.1301979343833962,未命中,65,未命中
pause_let_me_check_walkthrough_web_2022,暂停！让我查攻略,2022 WEB,潜在恋爱,主线,主线,未确认、主线,无,https://bangumi.tv/subject/358728,未命中,0.0552434456928839,未命中,0,未命中
date_a_bullet_nightmare_queen_ova_2021,约会大作战 赤黑新章：红或白,2021 OVA,明确欲望,主线,主线,欲望、未确认、主线,无,https://bangumi.tv/subject/310178,未命中,0.013873561406274633,未命中,0,未命中
citrus_tv_2018,citrus～柑橘味香气～,2018 TV,明确交往,主线,主线,交往、欲望、未确认、主线、官方字面、官方恋爱,副线,https://bangumi.tv/subject/198098,命中,0.18572592267685945,命中,97,命中
slime_300years_tv_2021,打了300年的史莱姆，不知不觉就练到了满级,2021 TV,潜在恋爱,主线,局部,未确认、主线,无,https://bangumi.tv/subject/292969,命中,0.0906183368869936,未命中,51,未命中
umi_monogatari_tv_2009,海物语～有你陪伴～,2009 TV,明确欲望,主线,主线,欲望、未确认、主线、官方恋爱,副线,https://bangumi.tv/subject/1740,未命中,0.13721552878179386,未命中,0,未命中
queens_blade_vanquished_ova_2013,女皇之刃 女王败北,2013 OVA,非恋爱,主线,缺席,主线,副线,https://bangumi.tv/subject/73084,命中,0.06033898305084746,未命中,0,未命中
murder_princess_ova_2007,杀戮公主,2007 OVA,非恋爱,主线,缺席,主线,无,https://bangumi.tv/subject/1265,命中,0.11318407960199005,未命中,0,未命中
yakunara_mugcup_second_season_tv_2021,如果烧陶的话也做个马克杯吧 二番窑,2021 TV 短篇,潜在恋爱,主线,重要副线,未确认、主线,无,https://bangumi.tv/subject/339694,未命中,0.05520833333333333,未命中,0,未命中
alignment_yuyu_animation_ova_2008,あらいめんとゆーゆー THE ANIMATION,2008 OVA,明确欲望,重要副线,重要副线,欲望、未确认,并行,https://bangumi.tv/subject/56686,命中,0.09703504043126684,无可对应页面,92,未命中
saikoro_club_tv_2019,放学后桌游俱乐部,2019 TV,非恋爱,主线,缺席,主线、官方恋爱,副线,https://bangumi.tv/subject/259790,未命中,0.04220779220779221,未命中,0,未命中
rwby_volume_5_web_2017,红白黑黄 第五季,2017 WEB,明确欲望,主线,重要副线,欲望、未确认、主线,副线,https://bangumi.tv/subject/224720,未命中,0.03674351585014409,无可对应页面,,无可对应页面
toji_no_miko_tv_2018,刀使的巫女,2018 TV,潜在恋爱,主线,主线,未确认、主线,无,https://bangumi.tv/subject/215158,命中,0.11223829052449817,未命中,0,未命中
lostorage_incited_wixoss_tv_2016,失忆煽动WIXOSS,2016 TV,潜在恋爱,主线,主线,未确认、主线、官方恋爱,副线,https://bangumi.tv/subject/179097,命中,0.09142318567389256,未命中,0,未命中
milky_holmes_td_tv_2015,侦探歌剧 少女福尔摩斯 TD,2015 TV,潜在恋爱,主线,重要副线,未确认、主线,副线,https://bangumi.tv/subject/113631,命中,0.08333333333333333,未命中,0,未命中
my_master_has_no_tail_tv_2022,我家师傅没有尾巴,2022 TV,潜在恋爱,主线,主线,未确认、主线,无,https://bangumi.tv/subject/344874,命中,0.05349182763744428,未命中,0,未命中
ikki_tousen_xtreme_xecutor_tv_2010,一骑当千 XTREME XECUTOR,2010 TV,潜在恋爱,主线,重要副线,未确认、主线,副线,https://bangumi.tv/subject/4281,命中,0.06821378340365682,未命中,0,未命中
nanoha_vivid_tv_2015,魔法少女奈叶ViVid,2015 TV,潜在恋爱,主线,主线,未确认、主线,副线,https://bangumi.tv/subject/110867,命中,0.08680104031209362,未命中,76,未命中
nekopara_tv_2020,NEKOPARA,2020 TV,明确欲望,主线,重要副线,欲望、未确认、主线,副线,https://bangumi.tv/subject/270274,未命中,0.025403028822667317,未命中,46,未命中
takunomi_tv_2018,宅饮。,2018 TV,非恋爱,主线,缺席,主线,无,https://bangumi.tv/subject/221819,未命中,0.08500164095831966,未命中,0,未命中
soushin_shoujo_matoi_tv_2016,装神少女小缠,2016 TV,潜在恋爱,主线,重要副线,未确认、主线,副线,https://bangumi.tv/subject/187112,命中,0.029784320438206092,未命中,0,未命中
ikki_tousen_dragon_destiny_tv_2007,一骑当千 Dragon Destiny,2007 TV,潜在恋爱,主线,重要副线,未确认、主线、官方恋爱,副线,https://bangumi.tv/subject/4840,命中,0.050837666088965915,未命中,0,未命中
ayakashi_triangle_tv_2023,妖幻三重奏,2023 TV,非恋爱,重要副线,缺席,官方恋爱,并行,https://bangumi.tv/subject/363026,命中,0.0494088583024528,未命中,0,未命中
ikki_tousen_great_guardians_tv_2008,一骑当千 Great Guardians,2008 TV,明确欲望,主线,重要副线,欲望、未确认、主线、官方恋爱,副线,https://bangumi.tv/subject/4841,命中,0.043451652386780906,未命中,20,未命中
bofuri_tv_2020,因为太怕痛就全点防御力了。,2020 TV,非恋爱,主线,缺席,主线,无,https://bangumi.tv/subject/268545,命中,0.04041825859642067,未命中,0,未命中
yuuki_yuuna_churutto_tv_2021,结城友奈是勇者 啾噜！,2021 TV,非恋爱,主线,缺席,主线,无,https://bangumi.tv/subject/326644,命中,0.07310469314079422,未命中,0,未命中
rock_is_a_ladys_hobby_tv_2025,摇滚乃是淑女的爱好,2025 TV,明确欲望,主线,主线,欲望、未确认、主线,无,https://bangumi.tv/subject/504678,未命中,0.0718475073313783,未命中,63,未命中
aimai_mi_tv_2013,漫研部,2013 TV,明确欲望,主线,局部,欲望、未确认、主线,无,https://bangumi.tv/subject/53890,命中,0.03584729981378026,未命中,0,未命中
akuma_no_riddle_tv_2014,恶魔之谜,2014 TV,明确欲望,主线,主线,欲望、未确认、主线、官方恋爱,无,https://bangumi.tv/subject/78474,命中,0.1466686540468028,命中,73,命中
kiddy_girland_tv_2009,天使特警2,2009 TV,明确交往,主线,主线,交往、欲望、未确认、主线,副线,https://bangumi.tv/subject/2726,命中,0.11647254575707154,未命中,79,未命中
vivid_strike_tv_2016,ViVid Strike!,2016 TV,潜在恋爱,主线,主线,未确认、主线、官方恋爱,无,https://bangumi.tv/subject/186613,命中,0.0996309963099631,未命中,62,未命中
koihime_musou_tv_2008,恋姬无双,2008 TV,明确欲望,主线,重要副线,欲望、未确认、主线、官方恋爱,副线,https://bangumi.tv/subject/811,命中,0.1120021384656509,未命中,0,未命中
rifle_is_beautiful_tv_2019,美妙射击部,2019 TV,明确欲望,主线,局部,欲望、未确认、主线,无,https://bangumi.tv/subject/263771,命中,0.09352112676056339,未命中,0,未命中
queens_blade_rebellion_tv_2012,女皇之刃 叛乱,2012 TV,明确欲望,主线,局部,欲望、未确认、主线,副线,https://bangumi.tv/subject/33354,命中,0.05038078500292911,未命中,0,未命中
sigrdrifa_tv_2020,战翼的希格德莉法,2020 TV,潜在恋爱,主线,重要副线,未确认、主线,副线,https://bangumi.tv/subject/301369,命中,0.08050436469447139,未命中,0,未命中
suzakinishi_animation_tv_2015,洲崎西 THE ANIMATION,2015 TV,潜在恋爱,主线,主线,未确认、主线,无,https://bangumi.tv/subject/135202,命中,0.03223033949290933,未命中,79,未命中
kancolle_movie_2016,舰队Collection 剧场版,2016 剧场动画,潜在恋爱,主线,重要副线,未确认、主线,无,https://bangumi.tv/subject/143093,命中,0.06461906661348225,未命中,0,未命中
minami_kamakura_cycling_tv_2017,南镰仓高校女子自行车社,2017 TV,非恋爱,主线,缺席,主线,无,https://bangumi.tv/subject/143205,命中,0.07792207792207792,未命中,0,未命中
usakame_tv_2016,兔龟,2016 TV,潜在恋爱,主线,重要副线,未确认、主线,无,https://bangumi.tv/subject/163447,命中,0.09551208285385501,未命中,0,未命中
wataoshi_tv_2023,我的推是坏人大小姐。,2023 TV,明确欲望,主线,主线,欲望、未确认、主线、官方字面、官方恋爱,副线,https://bangumi.tv/subject/410928,命中,0.1740549828178694,命中,97,命中
gokujou_girls_dorm_tv_2012,极乐院女子高寮物语,2012 TV,明确欲望,主线,重要副线,欲望、未确认、主线、官方恋爱,无,https://bangumi.tv/subject/23535,命中,0.11501210653753027,命中,85,命中
zatsu_tabi_tv_2025,随兴旅-That's Journey-,2025 TV,明确欲望,主线,重要副线,欲望、未确认、主线,无,https://bangumi.tv/subject/437593,未命中,0.02873791550787975,未命中,60,未命中
idolmaster_xenoglossia_tv_2007,偶像大师 XENOGLOSSIA,2007 TV,潜在恋爱,主线,主线,未确认、主线、官方恋爱,副线,https://bangumi.tv/subject/3271,未命中,0.03779877709838799,未命中,0,未命中
love_live_superstar_season_3_tv_2024,Love Live! Superstar!! 第三季,2024 TV,潜在恋爱,主线,重要副线,未确认、主线,无,https://bangumi.tv/subject/404480,命中,0.06486796785304248,未命中,0,未命中
strike_witches_ova_2007,强袭魔女 OVA,2007 OVA,非恋爱,主线,缺席,主线,无,https://bangumi.tv/subject/35861,命中,0.09512578616352202,未命中,0,未命中
selection_project_tv_2021,偶像选拔,2021 TV,非恋爱,主线,缺席,主线,无,https://bangumi.tv/subject/321190,命中,0.060263653483992465,未命中,0,未命中
mangirl_tv_2013,漫画少女,2013 TV,非恋爱,主线,缺席,主线,无,https://bangumi.tv/subject/39761,命中,0.05229993698802773,未命中,0,未命中
soul_eater_not_tv_2014,噬魂师NOT！,2014 TV,潜在恋爱,主线,主线,未确认、主线、官方恋爱,副线,https://bangumi.tv/subject/88041,命中,0.08930716860232278,未命中,0,未命中
shokei_shoujo_tv_2022,处刑少女的生存之道,2022 TV,明确欲望,主线,主线,欲望、未确认、主线、官方恋爱,无,https://bangumi.tv/subject/326871,命中,0.14511429852084268,未命中,87,未命中
hitokura_manga_cafe_tv_2026,一叠间漫画咖啡屋生活！,2026 TV,潜在恋爱,主线,重要副线,未确认、主线,无,https://bangumi.tv/subject/569161,未命中,0.056463975472662235,未命中,55,未命中
ikki_tousen_tv_2003,一骑当千,2003 TV,潜在恋爱,重要副线,重要副线,未确认,并行,https://bangumi.tv/subject/3909,命中,0.05232369190770231,未命中,0,未命中
assault_lily_bouquet_tv_2020,突击莉莉 BOUQUET,2020 TV,明确欲望,主线,主线,欲望、未确认、主线,无,https://bangumi.tv/subject/292712,命中,0.14371091035441277,命中,83,未命中
onigiri_tv_2016,鬼斩,2016 TV,潜在恋爱,主线,局部,未确认、主线,副线,https://bangumi.tv/subject/167433,命中,0.058823529411764705,未命中,0,未命中
valkyrie_drive_mermaid_tv_2015,女武神驱动 美人鱼,2015 TV,明确欲望,主线,主线,欲望、未确认、主线,无,https://bangumi.tv/subject/129091,命中,0.14040284360189573,命中,94,命中
miyuki_wonderland_ova_1995,美幸梦游仙境,1995 OVA,明确欲望,主线,主线,欲望、未确认、主线,无,https://bangumi.tv/subject/16521,未命中,0.12087912087912088,命中,78,命中
garakowa_movie_2016,玻璃之花与崩坏的世界,2016 剧场动画,非恋爱,主线,缺席,主线,无,https://bangumi.tv/subject/124532,命中,0.06947890818858561,未命中,0,未命中
mikagura_school_suite_tv_2015,御神乐学园组曲,2015 TV,明确欲望,主线,重要副线,欲望、未确认、主线、官方恋爱,副线,https://bangumi.tv/subject/119886,命中,0.08666386201093816,未命中,69,命中
magical_asuka_tv_2019,魔法少女特殊战明日香,2019 TV,潜在恋爱,主线,重要副线,未确认、主线,无,https://bangumi.tv/subject/254716,命中,0.050381679389312976,未命中,0,未命中
pan_de_peace_tv_2016,面包带来和平！,2016 TV,潜在恋爱,主线,局部,未确认、主线,无,https://bangumi.tv/subject/144650,命中,0.11349693251533742,未命中,0,未命中
seikon_no_qwaser_tv_2010,圣痕炼金士,2010 TV,明确欲望,主线,重要副线,欲望、未确认、主线、官方恋爱,副线,https://bangumi.tv/subject/3479,未命中,0.021308360477741584,未命中,0,未命中
end_of_world_bicycle_tv_2025,末世二轮之旅,2025 TV,潜在恋爱,主线,主线,未确认、主线,无,https://bangumi.tv/subject/539395,未命中,0.043740573152337855,未命中,0,未命中
slime_300years_season_2_tv_2025,打了300年的史莱姆，不知不觉就练到了满级 第二季,2025 TV,潜在恋爱,主线,局部,未确认、主线,无,https://bangumi.tv/subject/364844,命中,0.08900106269925612,未命中,40,未命中
taiyo_no_oushi_tv_2013,穿透幻影的太阳,2013 TV,潜在恋爱,主线,主线,未确认、主线,无,https://bangumi.tv/subject/66262,命中,0.06304423545802856,未命中,0,未命中
joshikousei_tv_2019,女子高中生,2019 TV,非恋爱,主线,缺席,主线,副线,https://bangumi.tv/subject/260371,命中,0.05171645118145341,未命中,0,未命中
yoku_wakaru_gendai_mahou_tv_2009,简单易懂的现代魔法,2009 TV,潜在恋爱,主线,主线,未确认、主线,无,https://bangumi.tv/subject/1730,命中,0.032039871840512636,未命中,0,未命中
gogo575_tv_2014,GO!GO!575,2014 TV,潜在恋爱,主线,主线,未确认、主线,无,https://bangumi.tv/subject/88039,命中,0.12458581842279655,未命中,0,未命中
amazing_twins_ova_2014,绝灭危愚少女,2014 OVA,潜在恋爱,主线,局部,未确认、主线,副线,https://bangumi.tv/subject/79676,命中,0.09090909090909091,未命中,0,未命中
nanabun_no_nijuuni_tv_2020,22/7,2020 TV,非恋爱,主线,缺席,主线,无,https://bangumi.tv/subject/220445,未命中,0.04635476463834673,未命中,0,未命中
otherside_picnic_tv_2021,里世界郊游,2021 TV,明确欲望,主线,主线,欲望、未确认、主线、官方字面,无,https://bangumi.tv/subject/301601,命中,0.1397319668900276,命中,70,未命中
toji_no_miko_kizuna_ova_2021,刀使巫女 刻印一闪的灯火 OVA,2021 OVA,非恋爱,主线,缺席,主线,无,https://bangumi.tv/subject/296798,未命中,0.08393632416787265,未命中,0,未命中
iwakakeru_tv_2020,攀岩！ -Sport Climbing Girls-,2020 TV,非恋爱,主线,缺席,主线,无,https://bangumi.tv/subject/305114,未命中,0.04398148148148148,未命中,0,未命中
senran_kagura_tokyo_tv_2018,闪乱神乐 SHINOVI MASTER -东京妖魔篇-,2018 TV,明确欲望,主线,局部,欲望、未确认、主线,副线,https://bangumi.tv/subject/221190,命中,0.07410714285714286,未命中,0,未命中
fantasista_doll_tv_2013,幻想玩偶,2013 TV,潜在恋爱,主线,重要副线,未确认、主线,无,https://bangumi.tv/subject/46826,命中,0.10027662517289074,未命中,0,未命中
magia_record_s2_tv_2021,魔法纪录 魔法少女小圆外传 2nd SEASON -觉醒前夜-,2021 TV,潜在恋爱,主线,局部,未确认、主线、官方恋爱,无,https://bangumi.tv/subject/302875,命中,0.07470368059887711,未命中,0,未命中
sora_iro_utility_short_2021,一杆青空,2021 TV 特别篇,非恋爱,主线,缺席,主线,无,https://bangumi.tv/subject/354247,未命中,0.044673539518900345,未命中,0,未命中
tamayomi_tv_2020,球咏,2020 TV,潜在恋爱,主线,局部,未确认、主线,无,https://bangumi.tv/subject/285117,命中,0.1050328227571116,未命中,0,未命中
noukin_tv_2019,我，不是说了能力要平均值么！,2019 TV,非恋爱,主线,缺席,主线、官方恋爱,副线,https://bangumi.tv/subject/238962,命中,0.08676104840252535,未命中,0,未命中
yakunara_mug_cup_tv_2021,如果烧陶的话也做个马克杯吧,2021 TV 短篇,潜在恋爱,主线,局部,未确认、主线,无,https://bangumi.tv/subject/311615,命中,0.05119825708061002,未命中,0,未命中
vampire_in_the_garden_web_2022,花园里的吸血鬼,2022 WEB,明确欲望,主线,主线,欲望、未确认、主线、官方恋爱,无,https://bangumi.tv/subject/277369,命中,0.11147186147186147,未命中,0,未命中
ice_ova_2007,ICE,2007 OVA,明确欲望,主线,主线,欲望、未确认、主线,无,https://bangumi.tv/subject/4008,命中,0.166270783847981,命中,80,命中
extreme_hearts_tv_2022,极限之心,2022 TV,潜在恋爱,主线,重要副线,未确认、主线,无,https://bangumi.tv/subject/368816,命中,0.07645525629887055,未命中,0,未命中
ongaku_shoujo_movie_2015,音乐少女,2015 剧场动画,非恋爱,主线,缺席,主线,无,https://bangumi.tv/subject/108010,命中,0.12093628088426528,未命中,0,未命中
hachigatsu_no_cinderella_nine_tv_2019,八月的灰姑娘棒球队,2019 TV,潜在恋爱,主线,局部,未确认、主线,无,https://bangumi.tv/subject/255667,未命中,0.09441489361702128,未命中,0,未命中
jashin_chan_dropkick_seikimatsu_special_tv_2023,邪神与厨二病少女【世纪末篇】,2023 TV 特别篇,非恋爱,主线,缺席,主线,无,https://bangumi.tv/subject/433729,命中,0.06309148264984227,未命中,0,未命中
stella_jogakuin_koutouka_c3bu_tv_2013,斯特拉女子学院高等科C3部,2013 TV,非恋爱,主线,缺席,主线,无,https://bangumi.tv/subject/60490,命中,0.07342342342342342,未命中,60,未命中
android_wa_keiken_ninzuu_ni_hairimasu_ka_tv_2026,和机器人啪啪啪能算在经验次数里吗？？,2026 TV,明确欲望,主线,主线,欲望、未确认、主线、官方字面、官方恋爱,无,https://bangumi.tv/subject/558296,命中,0.10862668076748754,命中,98,命中
mahou_shoujo_ikusei_keikaku_tv_2016,魔法少女育成计划,2016 TV,明确交往,主线,重要副线,交往、欲望、未确认、主线、官方恋爱,副线,https://bangumi.tv/subject/145946,未命中,0.045099739809193407,未命中,0,未命中
hidan_no_aria_aa_tv_2015,绯弹的亚里亚AA,2015 TV,潜在恋爱,主线,重要副线,未确认、主线,副线,https://bangumi.tv/subject/120224,命中,0.0977166359381648,未命中,70,未命中
aokana_tv_2016,苍之彼方的四重奏,2016 TV,明确欲望,主线,重要副线,欲望、未确认、主线、官方恋爱,无,https://bangumi.tv/subject/117601,命中,0.04451038575667656,未命中,0,未命中
bokura_no_nanokakan_sensou_movie_2019,我们的七日战争,2019 剧场动画,明确欲望,重要副线,重要副线,欲望、未确认,副线,https://bangumi.tv/subject/245671,命中,0.05953177257525084,未命中,58,未命中
senran_kagura_tv_2013,闪乱神乐,2013 TV,潜在恋爱,主线,重要副线,未确认、主线、官方恋爱,无,https://bangumi.tv/subject/46013,命中,0.05332584900364861,未命中,0,未命中
sengoku_otome_tv_2011,战国乙女～桃色Paradox～,2011 TV,明确欲望,主线,主线,欲望、未确认、主线,副线,https://bangumi.tv/subject/11726,命中,0.13123644251626898,未命中,50,未命中
mahou_shoujo_ore_tv_2018,魔法少女俺,2018 TV,明确欲望,重要副线,重要副线,欲望、未确认、官方恋爱,并行,https://bangumi.tv/subject/109956,命中,0.048952752070141256,未命中,0,未命中
seirei_tsukai_no_blade_dance_tv_2014,精灵使的剑舞,2014 TV,非恋爱,重要副线,缺席,,主导,https://bangumi.tv/subject/79226,未命中,0.009152670315153802,未命中,0,未命中
bofuri_tv_2023_s2,因为太怕痛就全点防御力了。2,2023 TV,非恋爱,重要副线,缺席,,无,https://bangumi.tv/subject/302766,命中,0.05703247171373379,未命中,0,未命中
girlfriend_beta_tv_2014,临时女友,2014 TV,潜在恋爱,主线,局部,未确认、主线,无,https://bangumi.tv/subject/106879,命中,0.08974923009238892,未命中,0,未命中
blue_reflection_ray_tv_2021,蔚蓝反射 澪,2021 TV,潜在恋爱,主线,重要副线,未确认、主线,无,https://bangumi.tv/subject/328032,命中,0.12267657992565056,命中,55,未命中
hirogaru_sky_precure_tv_2023,开阔天空！光之美少女,2023 TV,潜在恋爱,重要副线,重要副线,未确认,无,https://bangumi.tv/subject/409323,未命中,0.07269155206286837,未命中,80,未命中
utagoe_wa_mille_feuille_tv_2025,歌声是千层派,2025 TV,潜在恋爱,主线,重要副线,未确认、主线,无,https://bangumi.tv/subject/441670,未命中,0.07027027027027027,未命中,0,未命中
saikin_imouto_no_yousu_tv_2014,最近，妹妹的样子有点怪？,2014 TV,非恋爱,主线,缺席,主线,主导,https://bangumi.tv/subject/55703,命中,0.025342118601115054,未命中,40,未命中
chuu_bra_tv_2010,青春CUP,2010 TV,潜在恋爱,主线,重要副线,未确认、主线,副线,https://bangumi.tv/subject/3473,未命中,0.06935332708528585,未命中,0,未命中
alice_gear_aegis_expansion_tv_2023,机战少女 Alice Expansion,2023 TV,潜在恋爱,主线,重要副线,未确认、主线,无,https://bangumi.tv/subject/366331,命中,0.06184012066365008,未命中,0,未命中
wagamama_high_spec_tv_2016,任性HighSpec,2016 TV,非恋爱,主线,缺席,主线,副线,https://bangumi.tv/subject/143753,命中,0.03492239467849224,未命中,0,未命中
kuma_kuma_kuma_bear_punch_tv_2023,熊熊勇闯异世界 Punch!,2023 TV,非恋爱,主线,缺席,主线,无,https://bangumi.tv/subject/323651,命中,0.093603744149766,未命中,0,未命中
kuma_kuma_kuma_bear_tv_2020,熊熊勇闯异世界,2020 TV,潜在恋爱,主线,局部,未确认、主线、官方恋爱,无,https://bangumi.tv/subject/297624,命中,0.09916476841305999,未命中,0,未命中
venus_versus_virus_tv_2007,除魔维纳斯,2007 TV,潜在恋爱,主线,主线,未确认、主线、官方恋爱,副线,https://bangumi.tv/subject/3400,命中,0.11796733212341198,未命中,0,未命中
two_car_tv_2017,侧车搭档,2017 TV,潜在恋爱,主线,重要副线,未确认、主线、官方恋爱,副线,https://bangumi.tv/subject/220848,命中,0.09023354564755838,未命中,0,未命中
aru_majo_ga_shinu_made_tv_2025,直至魔女消逝,2025 TV,非恋爱,主线,缺席,主线、官方恋爱,副线,https://bangumi.tv/subject/501702,未命中,0.011679370543398081,未命中,40,未命中
regalia_the_three_sacred_stars_tv_2016,雷加利亚三圣星,2016 TV,潜在恋爱,主线,局部,未确认、主线、官方恋爱,无,https://bangumi.tv/subject/174519,命中,0.1253145445395068,未命中,0,未命中
etsuraku_no_tane_ova_2015,悦楽的胤 THE ANIMATION,2015 OVA,明确欲望,主线,主线,欲望、未确认、主线,无,https://bangumi.tv/subject/126324,命中,0.1473851030110935,无可对应页面,60,未命中
tachibanakan_to_lie_angle_tv_2018,立花馆恋爱三角铃,2018 TV,明确欲望,主线,主线,欲望、未确认、主线、官方字面、官方恋爱,无,https://bangumi.tv/subject/232165,命中,0.1556513409961686,命中,93,命中
shachiku_san_wa_youjo_yuurei_ni_iyasaretai_tv_2022,社畜小姐想被幽灵幼女治愈。,2022 TV,潜在恋爱,主线,重要副线,未确认、主线、官方恋爱,无,https://bangumi.tv/subject/338653,命中,0.04958047292143402,未命中,0,未命中
hikikomari_kyuuketsuki_tv_2023,家里蹲吸血姬的苦闷,2023 TV,明确欲望,主线,主线,欲望、未确认、主线、官方恋爱,无,https://bangumi.tv/subject/414214,命中,0.15052446213919302,未命中,84,未命中
kyoushirou_to_towa_no_sora_tv_2007,京四郎和永远的天空,2007 TV,明确交往,重要副线,重要副线,交往、欲望、未确认、官方恋爱,主导,https://bangumi.tv/subject/7617,命中,0.07399103139013453,未命中,0,未命中
sin_nanatsu_no_taizai_tv_2017,sin 七大罪,2017 TV,明确欲望,主线,主线,欲望、未确认、主线、官方恋爱,无,https://bangumi.tv/subject/189784,命中,0.07277694982613016,未命中,86,未命中
ange_vierge_tv_2016,圣洁天使,2016 TV,明确欲望,主线,主线,欲望、未确认、主线,无,https://bangumi.tv/subject/119687,命中,0.11516414799374675,未命中,68,未命中
kancolle_tv_2015,舰队Collection,2015 TV,非恋爱,主线,缺席,主线,无,https://bangumi.tv/subject/84386,命中,0.06726507092198582,未命中,0,未命中
shinmai_renkinjutsushi_tv_2022,新人炼金术师的店铺经营,2022 TV,潜在恋爱,主线,主线,未确认、主线,无,https://bangumi.tv/subject/349317,命中,0.13347921225382933,未命中,50,未命中
kandagawa_jet_girls_tv_2019,神田川JET GIRLS,2019 TV,明确欲望,主线,主线,欲望、未确认、主线,无,https://bangumi.tv/subject/288010,命中,0.10700236034618411,未命中,74,未命中
seiyuu_radio_uraomote_tv_2024,声优广播的台前幕后,2024 TV,潜在恋爱,主线,主线,未确认、主线,无,https://bangumi.tv/subject/411974,命中,0.1337085193091403,未命中,66,未命中
shy_tokyo_reconquest_tv_2024,腼腆英雄 东京夺还篇,2024 TV,非恋爱,主线,缺席,主线,无,https://bangumi.tv/subject/470874,未命中,0.08640552995391705,未命中,0,未命中
blackfox_movie_2019,黑狐,2019 剧场动画,非恋爱,主线,缺席,主线,无,https://bangumi.tv/subject/240559,命中,0.07196029776674938,未命中,0,未命中
warau_arsnotoria_sun_tv_2022,绽放的阿尔斯诺特利亚,2022 TV,非恋爱,主线,缺席,主线,无,https://bangumi.tv/subject/384635,命中,0.07335907335907337,未命中,0,未命中
mahou_shoujo_site_tv_2018,魔法少女网站,2018 TV,潜在恋爱,主线,主线,未确认、主线,副线,https://bangumi.tv/subject/225021,未命中,0.08292682926829269,未命中,57,未命中
battle_girl_high_school_tv_2017,战斗女子高校,2017 TV,明确欲望,主线,重要副线,欲望、未确认、主线,无,https://bangumi.tv/subject/178624,命中,0.0936007640878701,未命中,0,未命中
ryza_no_atelier_tv_2023,莱莎的炼金工房 ～常暗女王与秘密藏身处～,2023 TV,非恋爱,重要副线,缺席,,副线,https://bangumi.tv/subject/425236,命中,0.04199038105808361,未命中,0,未命中
tenkuu_shinpan_web_2021,天空侵犯,2021 WEB,明确欲望,重要副线,重要副线,欲望、未确认,副线,https://bangumi.tv/subject/317693,未命中,0.06119951040391677,未命中,0,未命中
urawa_no_utsuchan_tv_2015,浦和小调,2015 TV,非恋爱,主线,缺席,主线,无,https://bangumi.tv/subject/115339,命中,0.07681755829903979,未命中,0,未命中
murder_mystery_of_the_dead_tv_2024,谋杀之谜：亡者的秘密,2024 TV,明确欲望,主线,重要副线,欲望、未确认、主线,无,https://bangumi.tv/subject/513948,未命中,0.07483870967741936,未命中,0,未命中
ameiro_cocoa_side_g_tv_2019,雨色可可 side G,2019 TV,潜在恋爱,主线,重要副线,未确认、主线,无,https://bangumi.tv/subject/264358,命中,0.11976911976911978,未命中,,未命中
princess_connect_redive_season_2_tv_2022,公主连结 Re:Dive 第二季,2022 TV,潜在恋爱,主线,主线,未确认、主线,无,https://bangumi.tv/subject/312958,未命中,0.018465089440276975,未命中,0,未命中
shy_tv_2023,腼腆英雄,2023 TV,潜在恋爱,重要副线,局部,未确认,无,https://bangumi.tv/subject/403722,命中,0.07049306625577811,未命中,0,未命中
vtuber_nanda_ga_haishin_kiri_wasuretara_densetsu_ni_natteta_tv_2024,身为VTuber的我因为忘记关台而成了传说,2024 TV,明确欲望,重要副线,重要副线,欲望、未确认、官方恋爱,无,https://bangumi.tv/subject/416320,命中,0.06702470461868958,未命中,70,未命中
schoolgirl_strikers_animation_channel_tv_2017,Schoolgirl Strikers,2017 TV,潜在恋爱,主线,重要副线,未确认、主线,无,https://bangumi.tv/subject/196023,命中,0.10623229461756374,未命中,0,未命中
ongaku_shoujo_tv_2018,音乐少女,2018 TV,非恋爱,主线,缺席,主线,无,https://bangumi.tv/subject/240366,命中,0.06853932584269663,未命中,0,未命中
rail_romanesque_tv_2020,铁路浪漫谭,2020 TV,潜在恋爱,主线,重要副线,未确认、主线,无,https://bangumi.tv/subject/297340,未命中,0.044524669073405534,未命中,0,未命中
circlet_princess_tv_2019,环战公主 CIRCLET PRINCESS,2019 TV,非恋爱,主线,缺席,主线,无,https://bangumi.tv/subject/256552,命中,0.06616052060737528,未命中,0,未命中
rpg_fudosan_tv_2022,RPG不动产,2022 TV,潜在恋爱,主线,主线,未确认、主线,副线,https://bangumi.tv/subject/329285,命中,0.10419397116644823,未命中,0,未命中
prima_doll_tv_2022,天籁人偶,2022 TV,非恋爱,主线,缺席,主线,副线,https://bangumi.tv/subject/366793,未命中,0.01153925406964764,未命中,0,未命中
rwby_ice_queendom_tv_2022,红白黑黄 冰雪帝国,2022 TV,非恋爱,主线,缺席,主线,无,https://bangumi.tv/subject/375531,命中,0.05193030406559617,未命中,0,未命中
genjitsu_no_yohane_tv_2023,幻日夜羽 -镜中晖光-,2023 TV,非恋爱,主线,缺席,主线,无,https://bangumi.tv/subject/389772,未命中,0.03125939284640818,未命中,0,未命中
koi_wa_futago_de_warikirenai_tv_2024,恋爱没法用双子除尽,2024 TV,非恋爱,主线,缺席,主线、官方恋爱,主导,https://bangumi.tv/subject/445722,未命中,0.01784651992861392,未命中,0,未命中
ponnomichi_tv_2024,碰之道,2024 TV,潜在恋爱,主线,局部,未确认、主线,无,https://bangumi.tv/subject/437206,命中,0.058981233243967826,未命中,0,未命中
gundam_witch_from_mercury_season_2_tv_2023,机动战士高达 水星的魔女 第二季,2023 TV,明确交往,主线,主线,交往、欲望、未确认、主线,副线,https://bangumi.tv/subject/403238,命中,0.08592206859400252,未命中,80,未命中
blue_archive_the_animation_tv_2024,蔚蓝档案 动画版,2024 TV,潜在恋爱,主线,重要副线,未确认、主线,无,https://bangumi.tv/subject/416777,未命中,0.038740281987086574,未命中,0,未命中
shibou_yuugi_de_meshi_wo_kuu_tv_2026,靠死亡游戏混饭吃。,2026 TV,潜在恋爱,主线,主线,未确认、主线,无,https://bangumi.tv/subject/510753,未命中,0.015797075284347355,未命中,50,未命中
magia_record_final_season_tv_2022,魔法纪录 魔法少女小圆外传 Final SEASON -浅梦的黎明-,2022 TV,非恋爱,主线,缺席,主线,无,https://bangumi.tv/subject/339998,命中,0.07348537203409353,未命中,0,未命中
yoru_no_kurage_wa_oyogenai_tv_2024,夜晚的水母不会游泳,2024 TV,潜在恋爱,主线,主线,未确认、主线,无,https://bangumi.tv/subject/425909,命中,0.10967870883925449,未命中,62,未命中
shikanoko_nokonoko_koshitantan_tv_2024,鹿乃子乃子乃子虎视眈眈,2024 TV,明确欲望,主线,局部,欲望、未确认、主线,无,https://bangumi.tv/subject/484761,未命中,0.039891696750902525,未命中,79,未命中
z_x_code_reunion_tv_2019,异界群敌 代码重组,2019 TV,潜在恋爱,主线,主线,未确认、主线,无,https://bangumi.tv/subject/225941,命中,0.09582863585118377,未命中,0,未命中
higurashi_sotsu_tv_2021,寒蝉鸣泣之时 卒,2021 TV,明确欲望,主线,主线,欲望、未确认、主线,副线,https://bangumi.tv/subject/331033,未命中,0.04950343773873186,未命中,60,未命中
eiyuuou_bu_wo_kiwameru_tame_tenseisu_tv_2023,英雄王，为了穷尽武道而转生～而后，成为世界最强的见习骑士♀～,2023 TV,潜在恋爱,主线,主线,未确认、主线,副线,https://bangumi.tv/subject/360345,命中,0.0642658177477119,未命中,0,未命中
uma_musume_pretty_derby_season_3_tv_2023,赛马娘 Pretty Derby 第三季,2023 TV,潜在恋爱,主线,主线,未确认、主线,无,https://bangumi.tv/subject/407332,未命中,0.028197017623136013,未命中,62,未命中
maerchen_maedchen_tv_2018,原书·原书使,2018 TV,潜在恋爱,重要副线,重要副线,未确认,无,https://bangumi.tv/subject/220632,命中,0.08498106857383256,未命中,0,未命中
hibike_euphonium_3_tv_2024,吹响吧！上低音号 第三季,2024 TV,潜在恋爱,主线,主线,未确认、主线,副线,https://bangumi.tv/subject/283643,未命中,0.03311353211009174,未命中,50,未命中
azur_lane_tv_2019,碧蓝航线 THE ANIMATION,2019 TV,潜在恋爱,主线,主线,未确认、主线,无,https://bangumi.tv/subject/260677,未命中,0.03793410507569012,未命中,0,未命中
mahonare_tv_2024,没能成为魔法师的女孩子的故事,2024 TV,潜在恋爱,主线,重要副线,未确认、主线,无,https://bangumi.tv/subject/265391,未命中,0.03402578796561605,未命中,0,未命中
black_rock_shooter_dawn_fall_tv_2022,黑岩射手：黎明降临,2022 TV,明确欲望,重要副线,重要副线,欲望、未确认、官方恋爱,副线,https://bangumi.tv/subject/349465,命中,0.04138225255972696,未命中,0,未命中
nanare_hananare_tv_2024,亦叶亦花,2024 TV,潜在恋爱,主线,局部,未确认、主线,无,https://bangumi.tv/subject/464561,未命中,0.06953828828828829,未命中,20,未命中
omae_gotoki_ga_maou_ni_kateru_tv_2026,「凭你也想讨伐魔王？」被勇者小队逐出队伍，只好在王都自在过活,2026 TV,潜在恋爱,主线,主线,未确认、主线、官方字面、官方恋爱,副线,https://bangumi.tv/subject/555445,命中,0.11525629360024264,命中,85,命中
netsuzou_trap_ntr_tv_2017,捏造陷阱 -NTR-,2017 TV,明确欲望,主线,主线,欲望、未确认、主线、官方字面、官方恋爱,并行,https://bangumi.tv/subject/198099,命中,0.13725490196078433,命中,89,命中
aru_asa_dummy_head_mic_tv_2022,某天早上变成人头麦克风的我君的人生,2022 TV,潜在恋爱,主线,主线,未确认、主线、官方恋爱,无,https://bangumi.tv/subject/391672,命中,0.08354646206308611,未命中,50,未命中
hanyou_no_yashahime_tv_2020,半妖的夜叉姬,2020 TV,非恋爱,主线,缺席,主线,副线,https://bangumi.tv/subject/306193,未命中,0.026392961876832845,未命中,0,未命中
momentary_lily_tv_2025,刹那之花,2025 TV,潜在恋爱,主线,重要副线,未确认、主线,无,https://bangumi.tv/subject/491915,未命中,0.0861784140969163,未命中,0,未命中
turkey_tv_2025,保龄球少女！,2025 TV,明确欲望,主线,局部,欲望、未确认、主线,副线,https://bangumi.tv/subject/413567,未命中,0.05316123386567491,未命中,0,未命中
sasayaku_you_ni_koi_wo_utau_tv_2024,恋语轻唱,2024 TV,明确交往,主线,主线,交往、欲望、未确认、主线、官方字面、官方恋爱,无,https://bangumi.tv/subject/415166,命中,0.1751375849789576,命中,98,命中
bang_dream_ave_mujica_tv_2025,BanG Dream! Ave Mujica,2025 TV,明确欲望,主线,重要副线,欲望、未确认、主线,无,https://bangumi.tv/subject/454684,命中,0.08963097581907215,未命中,82,未命中
